Date,Open,High,Low,Close
1/1/2013,1410.6,1427.9,1408.3,1415.1
2/1/2013,1421,1626.6,1416.15,1607.4
3/1/2013,1632.55,1673.9,1613.05,1626.2
4/1/2013,1627.75,1627.75,1574.6,1579.05
7/1/2013,1580,1639.5,1565.5,1595.65
8/1/2013,1600,1656,1592.8,1625.2
9/1/2013,1633.1,1635.7,1595.55,1602.95
10/1/2013,1631,1631,1589,1603.75
11/1/2013,1613.3,1613.35,1575,1581.9
14/1/2013,1588.1,1608,1580,1593.7
15/1/2013,1605.45,1605.45,1582.2,1586.95
16/1/2013,1588.05,1591.15,1570,1572.7
17/1/2013,1577.15,1645.8,1570,1599.9
18/1/2013,1609.8,1614.7,1578.55,1587
21/1/2013,1594.75,1621,1587.95,1596.9
22/1/2013,1596.95,1609.9,1572.3,1578.9
23/1/2013,1581.15,1592.5,1535,1556
24/1/2013,1558,1574.4,1516.15,1528.6
25/1/2013,1538.6,1603.7,1533.4,1584.6
28/1/2013,1598.95,1612.15,1561.7,1570.25
29/1/2013,1570.25,1577.95,1545.1,1549.05
30/1/2013,1555,1559.8,1511.6,1523
31/1/2013,1523,1530.05,1495,1503.7
1/2/2013,1504,1551.9,1500,1521.6
4/2/2013,1533.1,1549,1505,1508.9
5/2/2013,1502.05,1524.65,1483.15,1504.25
6/2/2013,1519.35,1531,1506,1512.65
7/2/2013,1515,1525.1,1490.4,1498.8
8/2/2013,1510,1510,1472.25,1485.8
11/2/2013,1498.4,1511.95,1476,1483.15
12/2/2013,1490.45,1505.9,1478,1489.55
13/2/2013,1498.3,1539,1480.65,1493.9
14/2/2013,1492.5,1507.9,1479.95,1481.45
15/2/2013,1479.95,1500,1479.95,1485.55
18/2/2013,1491.25,1513,1486.15,1491.45
19/2/2013,1497.95,1524.6,1486.15,1513.2
20/2/2013,1520,1535,1513,1518.6
21/2/2013,1514.4,1548.95,1502.05,1510.7
22/2/2013,1519.85,1519.95,1501,1507.65
25/2/2013,1519.05,1524.85,1420,1484.3
26/2/2013,1482,1489.9,1456.55,1463.2
27/2/2013,1477.65,1495,1420.5,1469.55
28/2/2013,1500,1500,1438,1442.15
1/3/2013,1442,1453.7,1415.2,1422.15
4/3/2013,1421.4,1452,1405,1428.65
5/3/2013,1446.9,1473,1432,1461.8
6/3/2013,1469.6,1504,1455,1492.1
7/3/2013,1492.1,1510,1474.3,1501.9
8/3/2013,1505,1525,1502.05,1508.65
11/3/2013,1505.05,1523,1505,1509.45
12/3/2013,1510.05,1605,1509.8,1587.9
13/3/2013,1585,1606.8,1544,1553.4
14/3/2013,1560.75,1623.95,1540,1599.5
15/3/2013,1609,1611.2,1564,1573.05
18/3/2013,1568.95,1588,1551.05,1565.65
19/3/2013,1563.95,1574.85,1497,1511
20/3/2013,1511.95,1511.95,1472,1485.5
21/3/2013,1498.45,1513.95,1475,1480.15
22/3/2013,1483,1498,1466.4,1483.45
25/3/2013,1490.1,1524.95,1470.25,1475.3
26/3/2013,1485,1488,1461.5,1470.1
28/3/2013,1478.95,1502.7,1465.5,1475.5
1/4/2013,1469,1512,1469,1498.9
2/4/2013,1484,1569,1484,1547.5
3/4/2013,1521.05,1575,1521.05,1535.4
4/4/2013,1533,1544.85,1501,1504.75
5/4/2013,1500,1552.7,1500,1518.7
8/4/2013,1519,1543,1510.1,1515.55
9/4/2013,1514.5,1536,1478.4,1502.15
10/4/2013,1505.1,1520,1485,1503.45
11/4/2013,1511,1534.55,1501.2,1507.3
12/4/2013,1511,1511,1490,1493.35
15/4/2013,1492,1516,1490,1500.4
16/4/2013,1507.85,1534,1500.4,1508.75
17/4/2013,1515,1527.9,1507.05,1511.35
18/4/2013,1496,1557,1496,1517.95
22/4/2013,1526,1533.2,1511.5,1528.05
23/4/2013,1530,1540,1515.1,1521.2
25/4/2013,1530,1534.4,1512.5,1515.35
26/4/2013,1515.3,1559,1502.6,1517.3
29/4/2013,1505,1556,1489.1,1542.95
30/4/2013,1540,1609.95,1540,1592.75
2/5/2013,1600.75,1641,1561.1,1612.45
3/5/2013,1620,1639,1600.1,1621.7
6/5/2013,1634,1645,1615,1630.15
7/5/2013,1637,1645.4,1626.4,1636.5
8/5/2013,1641,1679.7,1621.75,1634.3
9/5/2013,1636.3,1647,1622,1629.05
10/5/2013,1629.05,1660.25,1624.6,1636.85
11/5/2013,1649.95,1654,1636.95,1648.2
13/5/2013,1651,1674.85,1624,1631.65
14/5/2013,1585.1,1607.85,1558,1563.3
15/5/2013,1582.8,1593,1570.2,1573.6
16/5/2013,1559,1584,1551.15,1566.35
17/5/2013,1576,1576,1547.3,1557.25
20/5/2013,1569.4,1589,1541.15,1548.3
21/5/2013,1560.9,1560.9,1525.65,1534.75
22/5/2013,1542.7,1548.4,1523.65,1528.9
23/5/2013,1537,1537,1500.85,1514
24/5/2013,1530,1532.9,1512.5,1522.35
27/5/2013,1521.45,1538,1515,1520.25
28/5/2013,1515,1525,1506,1512.9
29/5/2013,1521,1533.9,1510,1515.75
30/5/2013,1510,1524.5,1488,1500.7
31/5/2013,1490.05,1500,1480,1486.75
3/6/2013,1485,1497.5,1451,1467.4
4/6/2013,1453,1509,1453,1462.15
5/6/2013,1449,1470,1449,1459.5
6/6/2013,1465,1470,1455.35,1463.7
7/6/2013,1466.2,1484.85,1446,1451.7
10/6/2013,1446.8,1460.5,1421.1,1425.6
11/6/2013,1419,1419,1370,1375.75
12/6/2013,1372,1372.2,1100.6,1100.6
13/6/2013,880.5,1098,880.5,1026.45
14/6/2013,1065,1114,1065,1091.15
17/6/2013,1106.4,1129.15,1095.6,1106.2
18/6/2013,1116.8,1135.5,1101,1106.05
19/6/2013,1114.4,1117,1080,1083.6
20/6/2013,1075,1075,1015.1,1048.8
21/6/2013,1045,1045,905,984.1
24/6/2013,980,982.9,948.1,959.3
25/6/2013,959.25,999,932.75,984.7
26/6/2013,990,1014.9,951,965.2
27/6/2013,970.9,992.95,967.15,984.15
28/6/2013,998,1002.9,985.3,996.9
1/7/2013,999,1020.9,997.95,1015.25
2/7/2013,1020,1030,993.6,999
3/7/2013,994,998.8,971,977.95
4/7/2013,977,1012.5,977,991.15
5/7/2013,998.8,1023.8,990.05,1000
8/7/2013,993,995.9,973,986.25
9/7/2013,994.9,1014,992,1000.15
10/7/2013,1012.25,1094.5,1012.25,1078.1
11/7/2013,1095,1109,1071.2,1079.1
12/7/2013,1080.2,1086.8,1052.3,1068.45
15/7/2013,1063.1,1087.9,1048.8,1075.8
16/7/2013,1066,1100,1051.7,1070.4
17/7/2013,1080,1117,1067,1077.1
18/7/2013,1082.25,1107,1055,1062.95
19/7/2013,1072,1084.8,1060,1066.4
22/7/2013,1072,1079.85,1051.15,1058.15
23/7/2013,1063,1076,1058.8,1063.15
24/7/2013,1059.95,1059.95,1018.05,1031.6
25/7/2013,1030,1043.9,1014,1019.55
26/7/2013,1023.15,1106,980.1,1072.85
29/7/2013,1078.4,1104.85,1057,1072.45
30/7/2013,1080,1082,1025.4,1042.4
31/7/2013,1030,1074.95,990,1056.7
1/8/2013,1065,1067.6,1022.35,1032.6
2/8/2013,1032.85,1039.65,981,993
5/8/2013,996,1012,984.1,1004.8
6/8/2013,990,999,958.35,970.25
7/8/2013,979.95,984.85,955,969.4
8/8/2013,971,996.9,961,966.15
12/8/2013,973.25,989,970.6,973.25
13/8/2013,982.2,1008.3,976.35,997.75
14/8/2013,999,1034.95,998,1020.4
16/8/2013,1012,1016.9,961.25,966.25
19/8/2013,967,983.4,956,963.75
20/8/2013,950,981.8,940.1,976.05
21/8/2013,981.4,988.35,947.45,954.65
22/8/2013,950,975,940.1,958.75
23/8/2013,966,968.85,952.15,956.75
26/8/2013,955,992,955,972.4
27/8/2013,960.05,967.7,945,949.1
28/8/2013,942,949.95,920.25,937.6
29/8/2013,949,958.8,938,941.6
30/8/2013,940,960.4,938,941.45
2/9/2013,945,967,943,951.2
3/9/2013,953,957.95,941,946.25
4/9/2013,950,956,939.7,943.6
5/9/2013,955,960,942.5,944.6
6/9/2013,953.4,953.4,936,942.75
10/9/2013,950,1004.9,950,987.2
11/9/2013,993,1016.9,973.45,1003.3
12/9/2013,1010.95,1054.7,1001,1011.6
13/9/2013,1014,1024.9,1001,1010.8
16/9/2013,1023,1023,1006,1012.85
17/9/2013,1012,1014.95,995.25,999.3
18/9/2013,999,1035,990.1,1018.1
19/9/2013,1035,1049,1022.05,1034.3
20/9/2013,1035,1049.8,994.95,1013.85
23/9/2013,1004,1038.8,1002,1018.75
24/9/2013,1015,1026.95,1001,1005.4
25/9/2013,1008,1016.2,985.95,991.5
26/9/2013,998,1010,990,1007.7
27/9/2013,1006.2,1020,1000.1,1004.45
30/9/2013,995.05,1005,984.15,991.2
1/10/2013,996,1007.9,985,1000.7
3/10/2013,1010,1032,1006.05,1010.5
4/10/2013,1016,1028.9,1005.05,1008.15
7/10/2013,1005,1017.7,1000.1,1008.2
8/10/2013,1014.9,1016.6,995,1001
9/10/2013,1002,1013,999,1006.75
10/10/2013,1008,1102,1008,1075.05
11/10/2013,1090,1124,1070,1107.25
14/10/2013,1108,1144,1105.05,1109
15/10/2013,1115,1130,1071.15,1076.75
17/10/2013,1076.2,1127.45,1076.2,1115.7
18/10/2013,1121.8,1133.3,1101.55,1112.6
21/10/2013,1118,1130,1105,1113.5
22/10/2013,1117.7,1135,1102.55,1105.85
23/10/2013,1108,1109.9,1078,1085.05
24/10/2013,1081,1157.2,1081,1108.35
25/10/2013,1105,1114.9,1070,1092.55
28/10/2013,1099.6,1099.7,1070,1074
29/10/2013,1079.85,1098,1060,1079.35
30/10/2013,1086,1108,1070.4,1086.5
31/10/2013,1093.95,1103,1085,1093.95
1/11/2013,1090,1138,1090,1124.8
3/11/2013,1133.4,1135.8,1123,1127.8
5/11/2013,1128,1159,1115,1138.55
6/11/2013,1138.55,1182.9,1124,1130.5
7/11/2013,1132,1155.95,1020.05,1054.75
8/11/2013,1060,1065,1012,1029.5
11/11/2013,1020,1036.95,1005.1,1008.9
12/11/2013,1010,1042.5,1002,1019.7
13/11/2013,1026,1034.5,1006.2,1012.45
14/11/2013,1015,1036,1013.45,1023.45
18/11/2013,1027,1038,1023.05,1029.15
19/11/2013,1025,1039,1025,1029.65
20/11/2013,1030,1055,1017.75,1027.2
21/11/2013,1030,1035,1000,1006.6
22/11/2013,1010.2,1037.8,990.05,996.4
25/11/2013,1001,1017.55,995.15,998.55
26/11/2013,1006.7,1014.3,993,997.55
27/11/2013,1000,1006,975,978.95
28/11/2013,988,992.75,974,979.4
29/11/2013,978,998.35,978,987.5
2/12/2013,988,1011.5,988,993.35
3/12/2013,994,1002.2,985,989.4
4/12/2013,985.05,1019,985.05,993.2
5/12/2013,1003.35,1023.9,991.8,996.4
6/12/2013,996,1005,993,995.1
9/12/2013,1009,1010,990,991.95
10/12/2013,995,1006,981.4,988
11/12/2013,992.9,994.8,973.55,978.15
12/12/2013,981,989,960,963.4
13/12/2013,955,969,953.2,956.85
16/12/2013,950.1,970,950.1,957.85
17/12/2013,958.1,972,958.1,962.8
18/12/2013,956.6,978.8,956.55,970.3
19/12/2013,975,978,958,961.15
20/12/2013,956,989,956,978.95
23/12/2013,980,997.7,980,986.8
24/12/2013,990,995.05,979,984.55
26/12/2013,980,1008,979.1,991.75
27/12/2013,992.25,999,985,987.35
30/12/2013,990.25,994.4,980,984.7
31/12/2013,990,991,976,979.7
1/1/2014,986,1005,980.3,992.45
2/1/2014,995.25,1012.4,981,982.6
3/1/2014,980,990.5,977,987.05
6/1/2014,990,994.7,982,984.8
7/1/2014,981.4,1030,981.4,1017.75
8/1/2014,1025.7,1043,1014.75,1028.85
9/1/2014,1034,1055,1016.2,1049.9
10/1/2014,1050,1090.9,1030.75,1046.75
13/1/2014,1051.95,1055.7,1012.1,1021.95
14/1/2014,1024,1037.7,1013,1017.65
15/1/2014,1016.25,1032,1016,1019.85
16/1/2014,1021.25,1024.65,990.2,993.8
17/1/2014,999,999,961,963.9
20/1/2014,965,974.25,956.1,969.95
21/1/2014,976,987.8,970,973.5
22/1/2014,984,989.95,945.1,951.1
23/1/2014,952,957,925,926.75
24/1/2014,927.7,930.9,909,911.8
27/1/2014,900,902,882,889.25
28/1/2014,882.15,903.5,882.15,891.6
29/1/2014,895,919,894.95,897.2
30/1/2014,887.95,892,870.05,879.75
31/1/2014,877.1,894.9,874.05,878.1
3/2/2014,873,891.8,873,877.35
4/2/2014,870,908,870,896.95
5/2/2014,902,926.15,893.95,898
6/2/2014,904.7,916,895.8,909.65
7/2/2014,915,928,910,914.1
10/2/2014,920,920.8,893.25,896
11/2/2014,895.05,918.9,895.05,907.7
12/2/2014,908,915,898,901.55
13/2/2014,907.4,907.4,878.2,880.65
14/2/2014,890,893,871,881.4
17/2/2014,887.65,887.65,872.5,874.45
18/2/2014,878.3,885,868.35,879.4
19/2/2014,884.4,915,884.4,904.55
20/2/2014,907.5,941,905.05,925.6
21/2/2014,934,947.2,910.5,915.6
24/2/2014,915.6,929.9,910.1,914.3
25/2/2014,921.45,930,907,909.3
26/2/2014,915,925.9,906.1,908.4
28/2/2014,915.75,923,906.2,909.75
3/3/2014,911,915.1,882.35,888.15
4/3/2014,894.7,933.9,894.6,913.35
5/3/2014,920.9,922.6,905,909.95
6/3/2014,916.9,928,910.35,914.95
7/3/2014,918,924,897.2,904.85
10/3/2014,908,924,901.2,905.1
11/3/2014,913,930.6,910,918.1
12/3/2014,921.85,977,921.85,953.75
13/3/2014,961,966.7,934.65,939.3
14/3/2014,937,938.9,923,930.7
18/3/2014,937,939.7,917.55,923.5
19/3/2014,929.9,947,922.5,933.1
20/3/2014,938,946.8,930,932.3
21/3/2014,932.05,944.9,932.05,935.55
22/3/2014,940,941.5,933,934.8
24/3/2014,935,945,935,942
25/3/2014,940,960,940,948.05
26/3/2014,949,956,918,927.7
27/3/2014,934,938.4,924,928.45
28/3/2014,930.5,952,924,941.85
31/3/2014,948.9,974,944,954.05
1/4/2014,958,1041.35,948,1029.25
2/4/2014,1038.5,1050,1010.05,1016.1
3/4/2014,1020,1040,1010,1018.9
4/4/2014,1026,1044.2,996.75,1003.3
7/4/2014,1010.85,1024.85,1000,1007.5
9/4/2014,1015.95,1075,1012.1,1049.5
10/4/2014,1055,1064,1029,1032.8
11/4/2014,1035.1,1052.8,1022.2,1032.45
15/4/2014,1039.65,1051.8,1020.1,1024.8
16/4/2014,1028.55,1032.65,1010,1012.65
17/4/2014,1017.95,1038,1002.5,1028.95
21/4/2014,1037.15,1047.9,1022.25,1026.1
22/4/2014,1020.15,1035.5,1016.5,1019.75
23/4/2014,1027.65,1048.8,1025.25,1038.75
25/4/2014,1044,1062,1038.35,1050.75
28/4/2014,1052.2,1057.25,1038,1041.4
29/4/2014,1041.4,1046.3,1021,1025.15
30/4/2014,1033,1039.95,986,1007.35
2/5/2014,1014,1022,1001.25,1017
5/5/2014,1020,1032.3,1011.05,1021.8
6/5/2014,1020,1041,1016.15,1023.55
7/5/2014,1021.25,1028,1007,1010.65
8/5/2014,1012,1019,996.25,1001.6
9/5/2014,995.65,1020,995.65,1017.1
12/5/2014,1010.5,1022,999,1004.7
13/5/2014,1013.9,1028,1011.1,1016.15
14/5/2014,990,997,948.85,963.35
15/5/2014,971.7,979.15,908,914.25
16/5/2014,920.9,936.95,901.2,905.85
19/5/2014,907.1,936,907.1,924.7
20/5/2014,930,969,926,955.05
21/5/2014,961.85,968.6,945.1,949.3
22/5/2014,945.15,962,939.8,945
23/5/2014,950,959.4,947.15,953.4
26/5/2014,962.45,963.85,920,928.25
27/5/2014,928.05,936.65,912,921.4
28/5/2014,916,929,916,920.95
29/5/2014,926.8,940,915,919.15
30/5/2014,924.1,928.7,908,910.95
2/6/2014,905.15,923,905.15,917.9
3/6/2014,925,942.5,918.25,928.8
4/6/2014,933.95,955,929.05,942.5
5/6/2014,944,977,944,966.35
6/6/2014,973.9,1009,966.35,1003.55
9/6/2014,1013,1038.8,1008.5,1019.1
10/6/2014,1022,1024.4,985.15,1002.8
11/6/2014,1005.9,1022,982,990.25
12/6/2014,990,1003.8,976.55,983.75
13/6/2014,990.8,993,952,956.25
16/6/2014,949.2,976,941,967.35
17/6/2014,969.7,994,966,978.4
18/6/2014,977.5,989,952.1,965.7
19/6/2014,967.9,979.7,957,970.15
20/6/2014,960.45,978,955.25,961.7
23/6/2014,955.2,977.95,955.2,960.05
24/6/2014,960,986,960,973.95
25/6/2014,979,991.8,969.05,973.7
26/6/2014,971.5,978.95,957.6,961.35
27/6/2014,968.75,987,960.1,974.25
30/6/2014,980,987,970,976.3
1/7/2014,980,997.85,976.1,984.6
2/7/2014,987,1002.7,987,992.7
3/7/2014,989,994,980.1,983
4/7/2014,984,990,972.95,980.9
7/7/2014,987.9,990.7,973.25,978.75
8/7/2014,979,985.45,944.6,950
9/7/2014,957.8,957.8,932.2,940.4
10/7/2014,941,954,925,941.45
11/7/2014,942,948.45,906.05,913.25
14/7/2014,920,932.5,912,926.2
15/7/2014,932,939,924.1,935.6
16/7/2014,931.5,949,931.5,945.1
17/7/2014,940.15,970,937,963.6
18/7/2014,959.75,983,952.15,965.5
21/7/2014,962.05,975.7,962.05,970.9
22/7/2014,975.45,991.3,932.2,951.75
23/7/2014,945.2,949,928.6,936.45
24/7/2014,942.5,945,930.6,933.45
25/7/2014,931,941.95,926,929.6
28/7/2014,929,934.9,922.2,924.6
30/7/2014,920.1,928.65,916,924.1
31/7/2014,924.1,941,920,928.1
1/8/2014,920,935,920,921.45
4/8/2014,929,929.4,920.65,923.65
5/8/2014,928.9,928.9,921,923.7
6/8/2014,921.65,932,921,925.3
7/8/2014,925.3,930,921.5,924.65
8/8/2014,921,922.05,906.1,911.3
11/8/2014,920,922.9,907.2,909.2
12/8/2014,915,915.8,908,911.05
13/8/2014,909.85,913.15,895.5,900.45
14/8/2014,902,902,890,895.55
18/8/2014,891,934,891,914.9
19/8/2014,919.9,920.95,908.1,911.8
20/8/2014,911.8,918,908,912
21/8/2014,910.25,934,910.25,915.35
22/8/2014,923,923.3,908.5,910.95
25/8/2014,910.15,923.9,905.85,909.55
26/8/2014,909.55,915.3,898,902.95
27/8/2014,910,913.05,897.25,903.3
28/8/2014,905,908.5,896.5,898.4
1/9/2014,905.9,905.9,896.5,898.65
2/9/2014,900,913,895.1,897.75
3/9/2014,902,902,893,896.9
4/9/2014,896.9,925,887.05,916.75
5/9/2014,918.6,929.7,909.05,917.4
8/9/2014,913,966,913,953.2
9/9/2014,959.35,975,936.1,964.7
10/9/2014,954.9,971.8,950,951.9
11/9/2014,953,977,945.25,959.25
12/9/2014,966.85,977,961,967.45
15/9/2014,969,999,968,979.85
16/9/2014,983,993.9,922,933.8
17/9/2014,943.75,954,926,946.15
18/9/2014,946,964.95,940,953.25
19/9/2014,958.9,998,958,970.25
22/9/2014,962.5,979.35,951,969.7
23/9/2014,966,979,940.15,944.65
24/9/2014,936.05,964.4,931,953.65
25/9/2014,948.3,962.35,916.55,920
26/9/2014,925.8,932,913.05,924.2
29/9/2014,929.25,934.7,915.45,920.25
30/9/2014,923,942,912,923.25
1/10/2014,924,929.8,915,917.05
7/10/2014,921,955,921,928
8/10/2014,930,943,921,927.4
9/10/2014,928.05,941.95,928.05,930.3
10/10/2014,930,936.45,920,921.95
13/10/2014,914.25,932,914.25,922.55
14/10/2014,917.35,928.95,917.35,921.3
16/10/2014,920,925,906,909.85
17/10/2014,909.85,916.35,908.15,910.25
20/10/2014,921,926.1,907.55,909.8
21/10/2014,915,954.9,907.9,942
22/10/2014,946.9,946.9,922.6,925.05
23/10/2014,930.9,935.05,926,931.55
27/10/2014,936,936,916.1,920.25
28/10/2014,912,927.9,911,916.8
29/10/2014,920,924.6,913,915.95
30/10/2014,917,922.85,911,917.25
31/10/2014,923.95,938.85,919.4,929.25
3/11/2014,925,939,925,927.4
5/11/2014,923.05,933,918.15,921.15
7/11/2014,923.8,923.95,913.2,917.2
10/11/2014,921,936.9,914.4,928.8
11/11/2014,930,933,917.5,920.1
12/11/2014,923,926.5,915.2,917.5
13/11/2014,919.45,949.85,916.2,927.5
14/11/2014,928.2,935,922.5,926.15
17/11/2014,927,984,923,969.75
18/11/2014,974,988,969.8,975.65
19/11/2014,976.2,987,954.6,959.4
20/11/2014,962,986,959.65,976.2
21/11/2014,980,983.35,956.95,962.9
24/11/2014,969.95,981.7,966.05,969.4
25/11/2014,978,1008,970.1,977.9
26/11/2014,995,1030,993.1,1009.7
27/11/2014,1012.5,1022.4,993,1009.6
28/11/2014,1014,1021.7,997,1004.15
1/12/2014,1005,1020,1002,1004.05
2/12/2014,1005,1005,990,1000.2
3/12/2014,1000.2,1024.9,1000,1014.5
4/12/2014,1014.5,1022,1001.7,1005.7
5/12/2014,1001.35,1027,1001.35,1010.05
8/12/2014,1005,1013.8,991.4,995.3
9/12/2014,993,1007.9,976.8,981.65
10/12/2014,984.8,993.6,979,982.3
11/12/2014,984.4,986.95,971.1,980.9
12/12/2014,980.1,1005,975.25,980
15/12/2014,972.6,981.9,970.15,974
16/12/2014,970,976.25,942,954.05
17/12/2014,946.2,952.95,930,932.7
18/12/2014,941.95,960.9,941.95,950.9
19/12/2014,969,973.8,955.65,959.35
22/12/2014,962.4,965.9,954,959.2
23/12/2014,963.7,964.9,948,949.95
24/12/2014,950,963,941.6,943.4
26/12/2014,944.95,950,936,939.25
29/12/2014,942,949.4,942,944.4
30/12/2014,947.4,949.85,942,946.5
31/12/2014,946.5,966.25,945.95,955.7
1/1/2015,954,963.75,936,957.9
2/1/2015,958,969.5,950,954.6
5/1/2015,952,963.05,945.55,948.6
6/1/2015,941.2,947.4,932,933.9
7/1/2015,932.2,943.85,923,926.85
8/1/2015,931,945,931,942.3
9/1/2015,946,962,936,946
12/1/2015,948,962.3,942,946.4
13/1/2015,948,960,941.2,948.55
14/1/2015,956.95,997.8,956.95,989.55
15/1/2015,1000.05,1008.45,987,992.95
16/1/2015,993,999.95,985.1,995.1
19/1/2015,999,1007.7,990,997.15
20/1/2015,999,1024,995.3,1009.75
21/1/2015,1013.7,1024,1005.1,1010.55
22/1/2015,1010,1038.4,1001,1004.9
23/1/2015,102,106.4,101,102.3
27/1/2015,99.7,105.2,97.3,102.05
28/1/2015,101.8,102.4,98.8,99.2
29/1/2015,98.5,100,97.1,98.75
30/1/2015,102,102.9,97.3,97.85
2/2/2015,98.45,101.7,97.7,98.3
3/2/2015,98.5,100.75,96,96.3
4/2/2015,96.8,97.4,93.8,94.35
5/2/2015,94.75,96,91.75,92.55
6/2/2015,92.6,92.95,90,90.5
9/2/2015,90.25,90.25,86.9,87.25
10/2/2015,86.75,87.75,85.1,86.55
11/2/2015,88,89,87.5,88.3
12/2/2015,89.25,98,89.2,95.9
13/2/2015,96.65,96.65,92.65,94
16/2/2015,94.5,94.9,92.3,92.75
18/2/2015,93.4,94.75,91.4,92.1
19/2/2015,92.5,93.25,91.25,92.6
20/2/2015,92.95,96.35,91.65,94.7
23/2/2015,96,98.95,95.05,95.45
24/2/2015,95.95,95.95,92.6,93.8
25/2/2015,95.05,96.7,92.15,92.85
26/2/2015,93.2,93.2,90.4,90.9
27/2/2015,92.2,95.4,92,94.75
28/2/2015,95.9,95.9,93.65,94.1
2/3/2015,95,95.4,93.25,94.05
3/3/2015,94.5,103,93.15,101.65
4/3/2015,102.05,102.9,95.2,96.2
5/3/2015,96.8,102.4,95.25,98.75
9/3/2015,97.8,100.5,96.25,98.15
10/3/2015,98.4,99.45,96,96.95
11/3/2015,97.4,97.5,95.65,96
12/3/2015,97.1,98.95,96.5,97.65
13/3/2015,97.95,97.95,95.1,95.4
16/3/2015,96,96.5,94.3,94.8
17/3/2015,95.25,96.4,93.2,94.35
18/3/2015,94.9,95.4,93.5,93.95
19/3/2015,94.55,94.85,93,93.3
20/3/2015,93.25,93.4,91,91.3
23/3/2015,92,92,89.7,90.15
24/3/2015,90.3,92.9,89,92.15
25/3/2015,93.7,94.7,88.55,89.65
26/3/2015,90.1,91.45,88.6,89.55
27/3/2015,92.45,92.5,89.15,90
30/3/2015,91.5,92.5,90.55,90.95
31/3/2015,91.35,92.45,90.25,90.6
1/4/2015,90.5,94,90.35,93
6/4/2015,93.25,93.7,91.55,92.05
7/4/2015,92.45,93.5,91.45,92.1
8/4/2015,92.5,93.5,91.9,92.6
9/4/2015,92.95,95,92.3,93.15
10/4/2015,93.15,96.4,92.9,95.75
13/4/2015,97.5,97.95,95.55,96.3
15/4/2015,96.7,96.7,93,93.6
16/4/2015,93.8,94,92.8,93.25
17/4/2015,93.1,94.3,92.25,92.5
20/4/2015,92,93,89.65,90.45
21/4/2015,90.45,91,89.6,90.05
22/4/2015,90.5,91.2,88.5,89.6
23/4/2015,90.25,90.75,89,89.65
24/4/2015,89.95,89.95,87.9,88.1
27/4/2015,87.3,88,86.55,86.8
28/4/2015,86.5,88.75,85.9,87.85
29/4/2015,88.2,88.9,87.5,88.05
30/4/2015,88.05,89,86.9,87.85
4/5/2015,88.6,89.35,88.3,89.05
5/5/2015,89.7,91,89.05,89.45
6/5/2015,89.5,89.75,87.05,87.7
7/5/2015,87.5,87.65,86,86.65
8/5/2015,87.45,87.85,86.5,87.25
11/5/2015,87.7,88.9,87.05,87.6
12/5/2015,87.6,88,86.5,87.15
13/5/2015,87.9,91,87,88.6
14/5/2015,89,90.7,87.2,90.15
15/5/2015,90.5,91.9,90.05,90.4
18/5/2015,100,100.4,95.8,96.25
19/5/2015,94.5,95.95,93.6,94.4
20/5/2015,94,95.2,92.15,92.75
21/5/2015,93,93.5,91.7,92.3
22/5/2015,94.2,94.2,90.4,90.85
25/5/2015,90.9,91.95,90.05,90.65
26/5/2015,90.7,93,89.5,89.85
27/5/2015,89.4,90.8,88.1,89.25
28/5/2015,89.3,90.45,88.75,89.55
29/5/2015,89.85,90.5,88.4,89.35
1/6/2015,89.95,90.4,88.75,89.5
2/6/2015,89.6,89.8,87.7,87.95
3/6/2015,88,88,84.9,85.8
4/6/2015,86.25,86.9,85.15,86.3
5/6/2015,87.3,87.3,85.5,86.45
8/6/2015,86.5,86.5,85.3,85.6
9/6/2015,85.05,86.5,84.9,85.65
10/6/2015,86,86.95,85.3,86.4
11/6/2015,87.85,87.85,85.1,85.35
12/6/2015,85.4,85.7,84.4,84.95
15/6/2015,85.1,86.4,84.8,85.4
16/6/2015,85.2,85.6,84.25,85.1
17/6/2015,85.6,86.8,84.85,86.1
18/6/2015,86.45,86.95,85.6,86.05
19/6/2015,86.25,91.9,85.85,89.65
22/6/2015,90.45,91.3,88.5,88.7
23/6/2015,88.6,90.55,88.35,89.6
24/6/2015,89.95,90.35,88.1,88.4
25/6/2015,88,89.4,87.3,88.3
26/6/2015,88,88.75,85.75,88
29/6/2015,86,86.95,84.6,86.1
30/6/2015,87.6,88.95,87.5,87.95
1/7/2015,87.95,88.9,87.15,87.85
2/7/2015,88.1,90,86.9,87.8
3/7/2015,87.9,88.5,87.1,87.75
6/7/2015,87.5,89.75,87.1,89.2
7/7/2015,89.7,93.4,89,90.7
8/7/2015,90.8,91.8,88.75,89.4
9/7/2015,89.85,90.3,89.1,89.5
10/7/2015,89.9,89.95,88.15,88.35
13/7/2015,88.4,89.9,88.15,89.35
14/7/2015,90.9,91.75,90.4,90.75
15/7/2015,91.25,91.9,90,90.2
16/7/2015,90.75,92.35,90.5,91.85
17/7/2015,91.25,92.45,90.5,91.8
20/7/2015,92.3,93.25,92.1,92.35
21/7/2015,90.2,90.35,87.75,88.1
22/7/2015,88.1,88.8,87.35,88.3
23/7/2015,88.65,91.25,88.15,88.7
24/7/2015,88.65,90.5,88.4,88.9
27/7/2015,88.5,88.7,87,87.2
28/7/2015,87.9,88.7,87.1,87.3
29/7/2015,87.9,87.9,86.4,86.55
30/7/2015,87,87.65,86.5,86.65
31/7/2015,87,88.8,86.7,87.55
3/8/2015,88.45,88.65,87.7,87.9
4/8/2015,88.25,96.35,87.9,94.1
5/8/2015,94.4,96.35,91.95,93.5
6/8/2015,93.7,96.6,92.05,93.05
7/8/2015,93,98,92.75,96.5
10/8/2015,97.6,99.3,95.5,97
11/8/2015,97.45,98.35,95.65,96.65
12/8/2015,96.35,97.3,94.2,95.25
13/8/2015,95.9,96.8,93,94.4
14/8/2015,94.55,96.1,93.6,94.35
17/8/2015,95,96.4,92.75,95.7
18/8/2015,103,107.4,101.3,102.1
19/8/2015,102,102.9,96.8,100.05
20/8/2015,99,99.4,97,97.55
21/8/2015,96,96.3,93.2,95.1
24/8/2015,92.4,92.8,87.5,88.6
25/8/2015,90,90.65,86.1,89.05
26/8/2015,88.5,89.85,87.5,88.85
27/8/2015,90,92,89.1,89.45
28/8/2015,90.9,91.85,89.1,89.7
31/8/2015,89.7,90.3,89.15,89.7
1/9/2015,89.35,89.8,88,88.9
2/9/2015,89.1,90,87.9,89.05
3/9/2015,89.2,91.2,89,90.8
4/9/2015,91,91.05,88.25,89
7/9/2015,89,89.95,88,88.95
8/9/2015,89,89.75,86.9,89.2
9/9/2015,90.5,93.95,89.45,92.6
10/9/2015,90.2,91.8,90.1,90.9
11/9/2015,91.8,91.95,90.1,90.85
14/9/2015,91.5,91.8,90.45,90.7
15/9/2015,90.5,90.8,89.75,90.25
16/9/2015,90.5,91.15,90,90.6
18/9/2015,91,91.7,90.6,90.9
21/9/2015,90.05,92.4,90,92
22/9/2015,94.2,96,92.2,93.15
23/9/2015,92.55,92.55,90.55,91.05
24/9/2015,90.55,92.7,90.55,91.15
28/9/2015,91.8,92.45,90.55,90.75
29/9/2015,90,91.7,89.85,91.15
30/9/2015,91.15,92.8,91.15,92.05
1/10/2015,92.75,92.75,91.4,92.25
5/10/2015,92.4,93,90.5,92.1
6/10/2015,92.5,94.4,91.8,92.15
7/10/2015,93.85,95,92.05,93.1
8/10/2015,93,93.95,92.15,92.35
9/10/2015,92.65,94.15,92.6,92.9
12/10/2015,93.35,93.55,91.65,92
13/10/2015,92.95,95.8,92.25,94.5
14/10/2015,95.8,98.4,94.6,95.05
15/10/2015,95.25,95.6,92.6,93.3
16/10/2015,93.75,94.25,92.45,92.7
19/10/2015,94,95.4,92.75,93
20/10/2015,93.4,94.8,92.65,92.95
21/10/2015,93.4,94.55,92,92.6
23/10/2015,92.6,93.15,90.05,90.5
26/10/2015,90.8,91.3,89,89.15
27/10/2015,89,90.4,88.5,88.95
28/10/2015,88.95,90,88.35,88.6
29/10/2015,89.1,90.8,88.5,88.9
30/10/2015,88.3,89.45,88,88.25
2/11/2015,88.8,90,88.05,88.35
3/11/2015,88.7,89.4,88.3,88.5
4/11/2015,88.7,89.2,87.5,87.95
5/11/2015,88,88.1,86.5,87.2
6/11/2015,87.1,88.2,86.1,87.4
9/11/2015,86.5,87.45,83.55,86.7
10/11/2015,86.4,89.75,86.3,88.1
11/11/2015,90.1,93,90.1,91.55
13/11/2015,90.1,94.3,90,92.05
16/11/2015,91,92,89.75,90.05
17/11/2015,90.5,93.65,90.05,91.65
18/11/2015,91.8,93.6,91.25,91.8
19/11/2015,93,94.1,91.5,92.2
20/11/2015,92.5,94.7,91.65,92.05
23/11/2015,92.05,92.75,90.75,91
24/11/2015,91.05,91.4,89.1,89.7
26/11/2015,90.1,91.45,89.5,90.05
27/11/2015,90.25,90.65,89.45,89.6
30/11/2015,90.8,90.8,89.55,89.85
1/12/2015,90.3,91,90,90.45
2/12/2015,90.8,91,89.7,89.85
3/12/2015,90,90.4,88.85,89.1
4/12/2015,88.75,89.8,88.4,88.6
7/12/2015,89,89.3,88.1,88.55
8/12/2015,88.9,91.2,88.15,88.85
9/12/2015,88.75,90.15,86.7,86.95
10/12/2015,87.2,88,86.75,87.6
11/12/2015,87.5,88.95,86.25,88.45
14/12/2015,87.8,88.35,87.1,87.5
15/12/2015,87.5,88.9,87.5,88.1
16/12/2015,88.6,89.35,87.7,88.4
17/12/2015,88.9,90.5,88.5,89.45
18/12/2015,88.8,89.5,88.6,88.75
21/12/2015,88.75,89.35,88.3,88.6
22/12/2015,89.5,89.5,88.2,88.35
23/12/2015,88.6,89.75,88.5,89.4
24/12/2015,90.7,91.2,89.9,90.65
28/12/2015,91.5,93.95,90.8,93.65
29/12/2015,93.7,98.65,92.6,96.5
30/12/2015,96.25,100.25,94.65,97.3
31/12/2015,97.3,99.1,96,97.65
1/1/2016,97.5,98.75,97.25,98.1
4/1/2016,97.8,97.8,95.1,95.6
5/1/2016,95.2,107,95.2,103.3
6/1/2016,103,104.7,100.65,101.45
7/1/2016,99.9,99.9,96,97.65
8/1/2016,98.15,111.7,96.3,109.1
11/1/2016,106.45,113.8,104.7,108.6
12/1/2016,109.2,110.65,103.2,105.15
13/1/2016,106.3,107.75,95.35,99.3
14/1/2016,96.8,102.55,95.25,98.6
15/1/2016,99.6,102.3,94.3,95.1
18/1/2016,95,95.4,89.7,90.45
19/1/2016,91.1,93.45,89.25,92.15
20/1/2016,90.7,93.2,88.25,90.4
21/1/2016,91.8,93,90.4,91.3
22/1/2016,91.7,94.4,91.7,92.7
25/1/2016,93.15,98.35,93.15,96.5
27/1/2016,97,99,96,96.85
28/1/2016,100.8,101.8,96.65,97.15
29/1/2016,97.85,99.7,96.15,97.5
1/2/2016,97.85,99,96.6,97.5
2/2/2016,97.6,98.8,92.8,93.8
3/2/2016,92.8,95.8,91.85,93.25
4/2/2016,94,94.95,91.05,91.85
5/2/2016,92.1,94,91.7,93
8/2/2016,92.5,94,92.5,92.9
9/2/2016,92.25,92.8,91.3,91.7
10/2/2016,91,92.05,86.55,87.7
11/2/2016,87.65,87.7,84.2,84.9
12/2/2016,84.65,86.75,82.35,85.75
15/2/2016,86.5,89.4,86.5,87.5
16/2/2016,87.9,88.2,84.95,85.25
17/2/2016,85.25,85.25,81.3,83.55
18/2/2016,84.3,85.3,82.55,83.6
19/2/2016,84,88.45,83.9,87.55
22/2/2016,87.85,88.2,86.65,87
23/2/2016,87,87.4,85.15,85.75
24/2/2016,85.3,86,83.5,85
25/2/2016,85.25,86,84.1,84.65
26/2/2016,85.1,85.75,83.2,83.6
29/2/2016,83.6,85.3,82.6,83.45
1/3/2016,83.35,86.75,83.35,85.45
2/3/2016,86.4,88,86,87
3/3/2016,87.4,89.9,87,87.8
4/3/2016,87.6,89.3,87.05,88.2
8/3/2016,88,90.2,87.2,88.5
9/3/2016,88.35,88.95,87.55,88.5
10/3/2016,88.5,88.9,87.3,87.95
11/3/2016,88,91.8,87.55,90.45
14/3/2016,92.2,93.3,90.55,91.1
15/3/2016,91,91.75,89.1,89.7
16/3/2016,89.45,90.5,88.2,89.3
17/3/2016,89.95,91.25,88.3,88.85
18/3/2016,90.5,91.2,88.25,90.15
21/3/2016,90,90.9,89.4,90.35
22/3/2016,90.6,93.45,90.25,91.6
23/3/2016,91.2,92.95,90.2,90.65
28/3/2016,90.7,90.8,88.05,88.5
29/3/2016,88.1,89.55,87.4,87.7
30/3/2016,88.45,90.9,88.15,88.95
31/3/2016,90.5,90.9,89.2,89.6
1/4/2016,89.1,93,89.1,91.95
4/4/2016,92.05,95.6,91.1,94.95
5/4/2016,94.45,95.8,91,91.8
6/4/2016,92.45,94.6,91.7,93.4
7/4/2016,93.9,93.9,91,91.55
8/4/2016,91.5,91.8,90.1,90.85
11/4/2016,90.9,91.5,90.15,90.65
12/4/2016,90.8,91.5,90.1,90.35
13/4/2016,91.05,91.75,90.35,90.75
18/4/2016,90.7,91.9,90.55,91.15
20/4/2016,91.3,92.9,91,92.2
21/4/2016,92.65,93,90.6,90.95
22/4/2016,91,92.9,90.45,91.65
25/4/2016,91.9,92.25,90.35,91.75
26/4/2016,93,93.4,92.2,92.75
27/4/2016,93,94.9,92.4,94.25
28/4/2016,93.7,94.05,91.55,91.9
29/4/2016,92.2,92.4,90.1,91.2
2/5/2016,90.55,91.1,90.45,90.75
3/5/2016,91.8,92.9,90.85,91.15
4/5/2016,90.9,91.4,89.5,89.9
5/5/2016,89.8,90.5,89.4,89.95
6/5/2016,89.7,90.25,89.4,89.85
9/5/2016,91.15,91.7,90.2,91.3
10/5/2016,91.45,91.9,90.5,90.75
11/5/2016,89.8,91,89.4,90.3
12/5/2016,90.5,91.4,90.4,90.9
13/5/2016,90.65,91.8,90.25,91.35
16/5/2016,91.9,93.25,90.95,91.9
17/5/2016,90.05,90.5,88.6,88.9
18/5/2016,89.25,89.5,88.35,89
19/5/2016,89,89.4,88,88.1
20/5/2016,88.1,88.4,87.4,87.65
23/5/2016,88,88.4,86.75,87.05
24/5/2016,87.4,87.65,85.2,85.85
25/5/2016,86.85,87.35,85.95,86.95
26/5/2016,87.4,87.4,86.6,86.95
27/5/2016,86.7,88.5,86.7,87.8
30/5/2016,88,89.15,88,88.45
31/5/2016,88.9,89.5,87,87.7
1/6/2016,87.9,88.25,87.25,87.7
2/6/2016,87.7,87.85,87.05,87.4
3/6/2016,87.7,89.9,87.4,87.9
6/6/2016,88.65,88.65,87.5,87.75
7/6/2016,88.1,88.8,87.55,88.2
8/6/2016,88.3,90.8,87.95,90.05
9/6/2016,92.05,94.4,91,91.7
10/6/2016,91.5,92.45,90.2,90.75
13/6/2016,90.05,105.4,89.65,101.8
14/6/2016,102.3,104.7,99.25,100.15
15/6/2016,100.6,103.2,99.3,99.95
16/6/2016,100.25,102.5,98.5,99.95
17/6/2016,100.5,106.4,100.3,102.5
20/6/2016,101.4,103.5,99.85,100.45
21/6/2016,101.4,101.9,98.1,98.45
22/6/2016,98.9,109.7,98.2,107.55
23/6/2016,105.9,106.4,102.05,102.65
24/6/2016,97.75,100,95.7,98.8
27/6/2016,99,105.45,98.95,103.95
28/6/2016,103.95,107.5,103.5,104.35
29/6/2016,105.5,108.5,104.95,105.6
30/6/2016,106.6,108.25,105.25,105.75
1/7/2016,106.5,114.95,106.1,114.25
4/7/2016,114.3,116.4,112.5,113
5/7/2016,113,115.65,111.55,114
7/7/2016,113.1,118.25,112.75,115.7
8/7/2016,114.75,115.45,112.6,113.25
11/7/2016,114.4,116.7,113.5,114.05
12/7/2016,114.85,116.75,113.8,114.35
13/7/2016,114.8,116.7,114.05,115.15
14/7/2016,115.55,119.45,115.15,117.55
15/7/2016,118.4,119.9,116.3,117.2
18/7/2016,117.5,119.7,114.5,115.65
19/7/2016,115.85,117.5,113.35,115.45
20/7/2016,115.35,117.5,115.15,116.05
21/7/2016,116.7,117.4,113.2,113.6
22/7/2016,114.05,114.9,111.75,112.4
25/7/2016,112.65,116.8,110.8,116.5
26/7/2016,116.8,117.65,113.1,113.75
27/7/2016,113.75,121.4,112.5,117.9
28/7/2016,118.9,123.8,117.15,121.85
29/7/2016,122,123.5,119.1,119.7
1/8/2016,119.9,122.1,117.25,118.9
2/8/2016,119.2,121,115.5,116.4
3/8/2016,116.7,116.9,112.5,113.35
4/8/2016,114.3,115.5,111.55,112.1
5/8/2016,113,116,111.8,115.45
8/8/2016,125.2,131.3,124.5,126.65
9/8/2016,126.5,127.65,123.5,124.2
10/8/2016,124.45,126,120.9,121.7
11/8/2016,121.25,124.45,118.1,120.85
12/8/2016,121.6,125.8,121.2,122.4
16/8/2016,122.3,124.2,121,121.5
17/8/2016,121.35,123.95,121.35,122.3
18/8/2016,122.8,125.15,122.5,123.85
19/8/2016,124.1,132.5,121.75,130.35
22/8/2016,129.8,130,126.55,127.6
23/8/2016,127.6,130.9,126.8,129.45
24/8/2016,129.5,135.7,129.5,133.55
25/8/2016,134,134.45,130.5,131.25
26/8/2016,131.35,131.95,127.2,127.8
29/8/2016,127.7,130.8,125.4,128.35
30/8/2016,128.5,131.25,128.5,129.75
31/8/2016,129.75,132,127.65,128.2
1/9/2016,128.2,130.5,126.15,126.8
2/9/2016,127.45,129.7,127.35,127.75
6/9/2016,128.35,129.5,127.25,128.1
7/9/2016,128.4,131.6,126.8,128.3
8/9/2016,128.7,129.7,126.85,127.3
9/9/2016,128,129,124.95,125.4
12/9/2016,122,124.3,119.55,120.35
14/9/2016,121.45,124.5,120.7,122.95
15/9/2016,123,124.75,122.4,123.7
16/9/2016,127.25,128.7,123.5,124.75
19/9/2016,125.4,125.75,123.65,124
20/9/2016,124.95,125.9,123.65,124.1
21/9/2016,125.4,128,124.6,125.7
22/9/2016,127,129,126.8,127.55
23/9/2016,128,131,126.85,127.4
26/9/2016,127,128,124.6,125.65
27/9/2016,126,127,124.5,126.1
28/9/2016,127,131.4,126.4,129.35
29/9/2016,130.05,131.2,118.1,121.8
30/9/2016,121.8,125.1,121.3,123.3
3/10/2016,123.95,127,123.95,125.6
4/10/2016,126.5,126.55,124.4,125.25
5/10/2016,125.5,133.95,124.65,132.1
6/10/2016,133.1,135.95,129.55,131.2
7/10/2016,132,133.95,130,130.75
10/10/2016,131.55,132.75,131,131.75
13/10/2016,131,131.6,127.1,128.9
14/10/2016,129.5,138.5,127.5,137.4
17/10/2016,138.5,143,136.55,142
18/10/2016,142.75,145,142.55,144.15
19/10/2016,145,147.75,144,146.6
20/10/2016,149.6,150,140.1,141.55
21/10/2016,141.5,142.15,136.65,137.2
24/10/2016,137,138.4,134.55,134.9
25/10/2016,133.5,133.5,129.35,130.65
26/10/2016,130.85,133,129.55,130.6
27/10/2016,128,128.7,124.7,126.2
28/10/2016,126.95,129.35,126.6,128.15
30/10/2016,129.85,130.05,128.25,128.8
1/11/2016,129,131.6,127.1,129.5
2/11/2016,127.9,127.9,125.2,125.7
3/11/2016,125.1,128.2,123,124.85
4/11/2016,124.05,124.05,118.85,119.8
7/11/2016,121,123.95,120.5,122.55
8/11/2016,123.35,124.95,122.75,123.7
9/11/2016,110.4,121.65,108.25,119.75
10/11/2016,123.8,123.95,122.15,123.25
11/11/2016,122,122,116.1,117.35
15/11/2016,119,119,111.7,112.7
16/11/2016,117.2,118,113,113.65
17/11/2016,114,115.6,112.2,112.85
18/11/2016,114.85,114.85,112.55,113.15
21/11/2016,113.2,113.95,107.35,108.45
22/11/2016,108.8,110.5,107.1,108.25
23/11/2016,109.3,113.15,107.1,111.7
24/11/2016,111.5,114.65,109.9,112.85
25/11/2016,114,116.5,113,115.85
28/11/2016,114.7,117.8,114.5,116.25
29/11/2016,117,117.95,115.25,116.8
30/11/2016,117,118.1,115.6,116.45
1/12/2016,117,117.15,114.35,115.8
2/12/2016,115.8,115.8,113.25,114.15
5/12/2016,113.3,118.65,113.3,117.9
6/12/2016,117.9,120.8,116.7,119.55
7/12/2016,120.3,120.45,116.35,117.1
8/12/2016,118.2,120.4,117.5,117.9
9/12/2016,118.95,119.9,117.05,117.9
12/12/2016,118.25,118.45,115.5,116.25
13/12/2016,117.15,117.8,115.2,115.75
14/12/2016,116.9,116.9,112.2,113.45
15/12/2016,112.9,115.9,112.1,115.2
16/12/2016,115.2,115.75,114.3,115.15
19/12/2016,115.85,115.85,113.05,113.4
20/12/2016,115.15,117.2,114.45,116.3
21/12/2016,116,116.95,113.1,113.75
22/12/2016,114,114,111.3,112.05
23/12/2016,112.25,114.9,111.35,113.7
26/12/2016,113.9,113.9,108.4,109.75
27/12/2016,110.95,111.4,108.85,109.7
28/12/2016,110,112.4,110,111.25
29/12/2016,111.25,112.7,109.3,111.5
30/12/2016,111.5,114.1,111.5,113.4
2/1/2017,113.7,116.75,113.05,115.3
3/1/2017,115.5,118,115.3,116.9
4/1/2017,117.9,117.9,115.4,115.7
5/1/2017,116.05,117.5,114.8,115
6/1/2017,116.2,117.75,114.55,114.9
9/1/2017,115.4,115.7,113.5,113.9
10/1/2017,114,115.8,114,114.95
11/1/2017,115.9,116.35,114.5,115.15
12/1/2017,115.2,117.4,114.9,115.25
13/1/2017,117.9,123.9,117.3,122.3
16/1/2017,122.5,124.5,120.4,121.35
17/1/2017,121.75,122.8,120.8,121.45
18/1/2017,122.4,124.8,122.2,123.65
19/1/2017,123.45,124.5,122.55,123.4
20/1/2017,123,123.9,120.65,121.5
23/1/2017,121.75,125.7,121.75,123.8
24/1/2017,125,125.15,123.6,123.9
25/1/2017,124,127.1,124,125.75
27/1/2017,126.9,127.7,125.6,126.45
30/1/2017,124.8,126.8,121.15,124.9
31/1/2017,124.8,125.5,122.25,123.75
1/2/2017,123.65,124.4,121.5,122.75
2/2/2017,123.3,125.7,122.6,123
3/2/2017,123,126.25,122.6,124.95
6/2/2017,125,126.2,124.5,124.7
7/2/2017,124.95,126.45,122.3,123.7
8/2/2017,123.95,126.5,123.75,125.95
9/2/2017,125.95,129.4,125.8,128.65
10/2/2017,129.05,132,128.9,129.65
13/2/2017,129.95,130.75,126.5,127.5
14/2/2017,127.05,127.85,121.05,121.75
15/2/2017,121.1,122.5,115.85,117.5
16/2/2017,118.4,120.2,116.7,119.7
17/2/2017,120,122.5,120,121.4
20/2/2017,121.95,124.1,121.2,122.75
21/2/2017,122.7,124.4,122.25,122.75
22/2/2017,123,123.8,121.45,121.9
23/2/2017,122.2,122.6,120.2,120.6
27/2/2017,120.75,121.9,119.65,119.95
28/2/2017,120,123.5,119.85,122.65
1/3/2017,123.25,125.5,122.7,124
2/3/2017,125,127,121.5,122.1
3/3/2017,122.5,125.1,121.4,123.75
6/3/2017,123.8,125.25,123.55,124.9
7/3/2017,124.9,125,122.1,123.05
8/3/2017,123.05,123.75,121.7,122.1
9/3/2017,122,122.7,121,121.55
10/3/2017,122.9,122.9,120.2,120.75
14/3/2017,122,123.2,120.15,121.05
15/3/2017,121.65,122.5,120,120.35
16/3/2017,121.35,124.8,121.3,122.7
17/3/2017,123,123.8,122.4,123.05
20/3/2017,124,125.8,122.9,124.85
21/3/2017,124.95,126.5,123.7,124.3
22/3/2017,123.45,124.2,121.4,121.6
23/3/2017,121.6,126.3,121.6,124.85
24/3/2017,124.9,127.9,124.5,125.15
27/3/2017,125.6,132.2,124,127.4
28/3/2017,128.5,129.6,126.1,126.8
29/3/2017,127.4,127.4,124.6,125
30/3/2017,125.25,126.7,124.15,125.2
31/3/2017,125.1,127.75,124.75,126.2
3/4/2017,127.3,127.5,125.55,126.55
5/4/2017,126.55,127.35,125.1,125.4
6/4/2017,125.5,129.5,125.5,127.15
7/4/2017,127,128.8,125.4,126.25
10/4/2017,126.3,127.25,125.5,126
11/4/2017,126,128.75,126,127.8
12/4/2017,130.5,130.5,126,126.25
13/4/2017,126.45,128.3,125.5,125.85
17/4/2017,126.9,126.9,124.7,124.95
18/4/2017,125.8,127.4,124.5,126.25
19/4/2017,125.5,128,125.35,126.9
20/4/2017,127.45,128.2,124.95,125.9
21/4/2017,126.3,127,124.3,124.65
24/4/2017,125.2,126,124.15,124.5
25/4/2017,125,125.8,123.5,124.1
26/4/2017,124.2,127.55,124.2,125.05
27/4/2017,125.25,125.5,123.8,124.15
28/4/2017,125,126.5,124.05,126.05
2/5/2017,126.45,129.4,125,127.25
3/5/2017,128,128.95,126.1,128.25
4/5/2017,128.55,129.9,125.9,126.15
5/5/2017,126.55,130.75,125.3,129.8
8/5/2017,130.95,135.5,130.6,133.1
9/5/2017,133.5,135,131.6,132.55
10/5/2017,133.45,133.7,131.25,131.9
11/5/2017,132.45,132.65,129.55,129.95
12/5/2017,130.4,130.85,126.15,129.1
15/5/2017,130.6,131.4,128.6,130.1
16/5/2017,130.75,132,129.05,131.05
17/5/2017,131.8,131.8,129.6,130.2
18/5/2017,129.2,132.25,128.9,130.3
19/5/2017,139,139,132.75,134.5
22/5/2017,136,136.5,130.5,131.35
23/5/2017,132.3,132.3,126.5,128.8
24/5/2017,128.8,128.8,123.2,124.25
25/5/2017,124.4,127.3,124.4,126.75
26/5/2017,127.8,130.75,126.65,130.05
29/5/2017,130.8,130.8,126.05,126.85
30/5/2017,126.85,127.1,125,125.55
31/5/2017,125.8,128.4,125.8,126.9
1/6/2017,126.6,131.1,126.6,128.75
2/6/2017,128.85,131.2,128.85,129.5
5/6/2017,129.55,130.9,128.5,129.9
6/6/2017,129.05,130.1,127.2,127.65
7/6/2017,128.15,130.2,127.5,128.8
8/6/2017,128.9,129.35,127.5,127.85
9/6/2017,127.6,128.2,126.05,127.35
12/6/2017,126.9,129.4,126.2,126.75
13/6/2017,126.95,130.65,126.9,129.45
14/6/2017,129.3,136.75,128.3,135.1
15/6/2017,135.9,137.4,133.1,134.45
16/6/2017,134.5,137.4,133.65,134.2
19/6/2017,134.35,135.6,132.55,132.95
20/6/2017,133.35,134.3,130.85,131.1
21/6/2017,130.9,133.4,129.55,130.85
22/6/2017,131.25,132.1,129,129.45
23/6/2017,130.8,130.8,127.1,128.35
27/6/2017,127.7,129.45,126.1,127.6
28/6/2017,127.5,128.4,126.65,127.45
29/6/2017,127.95,129.45,127.7,128.55
30/6/2017,126.75,129.9,126.35,128.9
3/7/2017,129.2,134.25,128.5,133.45
4/7/2017,135.6,137,133.5,133.8
5/7/2017,137,145,135.25,141.25
6/7/2017,142,144.3,139.5,140.15
7/7/2017,140.8,144.15,140.15,142.75
10/7/2017,150,150,143,146.75
11/7/2017,147.45,150.5,144.45,145.5
12/7/2017,146,147.05,143.1,145.05
13/7/2017,146.25,146.35,143.25,144.4
14/7/2017,144.4,144.7,141.5,142.9
17/7/2017,143.5,145.9,142,143.1
18/7/2017,142.95,142.95,138,138.25
19/7/2017,138.95,142.35,138.3,141.3
20/7/2017,140.5,141.75,138.4,138.9
21/7/2017,138.95,139.9,137.2,138.55
24/7/2017,138.75,140.4,136.55,137.55
25/7/2017,137.9,139.15,136.55,137.25
26/7/2017,137.35,139.25,136.5,136.85
27/7/2017,137.25,138.5,130.9,132.7
28/7/2017,130.1,130.95,128.7,129.1
31/7/2017,129.85,130.3,128.75,129.2
1/8/2017,129.75,131.6,128.9,130.4
2/8/2017,130.8,131.15,127.85,128.4
3/8/2017,128.95,129,127.25,127.7
4/8/2017,128.35,128.35,126.9,127.15
7/8/2017,127.45,128.4,126.75,127.8
8/8/2017,128.1,128.1,125.55,126
9/8/2017,126,126.25,121.5,122.1
10/8/2017,121.75,122.95,119,119.7
11/8/2017,119.65,120.9,117,119.15
14/8/2017,120.6,127,120.6,125.85
16/8/2017,126,134.5,125.95,132.65
17/8/2017,133,137.5,131,133.85
18/8/2017,132.7,137.5,129.3,135.1
21/8/2017,136.7,142.1,136,137.35
22/8/2017,138.75,139.9,132.05,132.9
23/8/2017,133.75,135,132.45,134.15
24/8/2017,134.2,134.45,131.5,132.05
28/8/2017,132,135.65,131.5,132.3
29/8/2017,131.6,134.5,130.7,132.55
30/8/2017,132.85,136.45,131.95,135.8
31/8/2017,136.1,139.8,136,138.05
1/9/2017,137.8,140.75,137.5,139.8
4/9/2017,139,141.4,137.65,140.7
5/9/2017,141,145.6,140.4,144.2
6/9/2017,144,154,142.4,151.6
7/9/2017,153.85,155,147.5,148.65
8/9/2017,149,153.3,146.55,147.75
11/9/2017,148.75,152.65,148,150.05
12/9/2017,170,174.9,162.2,163.4
13/9/2017,164.65,165.5,157,157.9
14/9/2017,158.7,164.5,155.1,162.6
15/9/2017,162.2,164.4,157.2,161.15
18/9/2017,162.55,163.7,160,161.15
19/9/2017,162.25,163,159.5,160.65
20/9/2017,161.65,161.65,156.8,157.45
21/9/2017,158,160.5,155.25,157.55
22/9/2017,156,157.35,150.5,151.45
25/9/2017,152.3,152.3,143.4,146.85
26/9/2017,146.8,153.9,146.8,152.45
27/9/2017,154.35,154.35,146.8,148.05
28/9/2017,148.45,150.9,146.3,148.4
29/9/2017,149,154.65,148.15,151.75
3/10/2017,154,154.4,150.2,151.35
4/10/2017,150.2,152.3,149.5,150.2
5/10/2017,150.2,155.6,150.2,153.25
6/10/2017,153.95,159.4,153.55,158.15
9/10/2017,159,160.35,155.75,156.65
10/10/2017,157.2,158.5,155,155.3
11/10/2017,155.6,160.6,153.9,155.5
12/10/2017,156,158,154.1,154.9
13/10/2017,155.45,159.25,154.65,155.25
16/10/2017,156.7,156.7,153.25,154
17/10/2017,154.6,156.15,153,153.5
18/10/2017,153.7,154.5,152.1,152.8
19/10/2017,153.4,155.2,152,152.85
23/10/2017,153.45,153.8,148.85,149.95
24/10/2017,150.1,153,150,150.85
25/10/2017,151.95,152.5,149.15,149.65
26/10/2017,149.65,152.95,149.25,150.75
27/10/2017,150.85,157.4,150.6,156.8
30/10/2017,158.3,164.3,156.65,160.2
31/10/2017,161,165.7,157.45,162.4
1/11/2017,162.7,165,161,162.2
2/11/2017,162.2,165.5,159.7,160.8
3/11/2017,161.25,162.9,158.1,159.2
6/11/2017,158.25,163,158.25,159.35
7/11/2017,160.5,162.85,155.1,157
8/11/2017,153,153.05,147.1,147.8
9/11/2017,148,151.3,145.25,147.65
10/11/2017,147,150.65,145.25,146.65
13/11/2017,147,147.6,142.85,143.6
14/11/2017,143.5,144.8,141.25,143.6
15/11/2017,143,146.4,140.6,141.6
16/11/2017,142,146.75,142,145.1
17/11/2017,146,148.45,144.6,147.15
20/11/2017,148,155,146.15,154.05
21/11/2017,155.5,166.4,155.2,161.1
22/11/2017,161.5,162.25,156.65,160
23/11/2017,160.05,162.3,157.3,158.75
24/11/2017,160,161.5,158.8,159.35
27/11/2017,159.75,163,158,161.65
28/11/2017,162.45,177.3,161.7,175.65
29/11/2017,177.7,183.5,170.1,171.2
30/11/2017,168,178.45,167.5,174.3
1/12/2017,175.2,180.55,168.8,171.25
4/12/2017,172.5,172.8,163.6,164.2
5/12/2017,164.5,164.7,158.4,160.05
6/12/2017,159,164.8,158,160.05
7/12/2017,161.5,165.85,160.4,163.6
8/12/2017,164.4,165.9,161.1,161.9
11/12/2017,162.8,166.9,160.5,165.3
12/12/2017,165.5,165.85,160.9,161.5
13/12/2017,161.5,164.6,158.4,158.9
14/12/2017,159.95,160.45,153.7,157.2
15/12/2017,159.6,161.65,158.15,159.55
18/12/2017,159.95,162.8,152.6,159.6
19/12/2017,160.15,163,160.15,161.85
20/12/2017,161.95,168.7,161.95,164.95
21/12/2017,165.8,166,163,163.75
22/12/2017,164.1,167.9,162.9,164.6
26/12/2017,164.2,168.9,164.1,166.95
27/12/2017,167.8,170.5,164.15,165.75
28/12/2017,165.65,166.95,164,164.45
29/12/2017,165,169.35,162.1,166.95
1/1/2018,167,168.4,163.6,164.7
2/1/2018,164.95,168.1,163.1,165
3/1/2018,165.95,168.05,165.3,165.7
4/1/2018,166,167.8,164.6,166
5/1/2018,166.6,171,166.6,167.7
8/1/2018,168.45,169.75,166.5,167.55
9/1/2018,168,173.4,165.25,170
10/1/2018,170.05,172.5,167.25,168.85
11/1/2018,169.1,172.8,168.2,169.15
12/1/2018,170.2,172.85,167.1,169.7
15/1/2018,170.3,171.3,168.2,168.5
16/1/2018,168.5,169,161.5,162.6
17/1/2018,163,163,158.25,159.7
18/1/2018,160.25,162.95,154.1,156.4
19/1/2018,156.95,160.5,156.2,159.9
22/1/2018,160,162.95,159.55,160.75
23/1/2018,162,162,157.4,158.55
24/1/2018,158.7,160.35,157.4,157.85
25/1/2018,158.5,162,156.2,158.05
29/1/2018,157,158,149.6,150.5
30/1/2018,152,152.2,144.8,145.5
31/1/2018,146.45,147.35,142.55,142.95
1/2/2018,143.05,147.35,137.75,145.35
2/2/2018,143.8,143.9,136.05,138.85
5/2/2018,135,137.8,132.75,135.6
6/2/2018,131.9,133.8,124.5,132.7
7/2/2018,134.65,138.5,134.65,136.8
8/2/2018,137.2,142.7,136.5,140.45
9/2/2018,137,140.5,137,138.8
12/2/2018,140.45,143.8,140,142.5
14/2/2018,143.85,145,141,141.2
15/2/2018,142.9,144.15,138.95,139.5
16/2/2018,140.45,141.2,137.15,137.9
19/2/2018,137.9,138.1,134,134.8
20/2/2018,134.8,136.4,133.3,134
21/2/2018,134.6,135.2,132,132.8
22/2/2018,131.8,134.3,131.55,133
23/2/2018,133.95,136,133.2,135.35
26/2/2018,135.9,136.8,131.25,132.15
27/2/2018,133.1,134.75,132.2,132.95
28/2/2018,132,133.15,131.55,131.9
1/3/2018,132.2,133.1,131,131.35
5/3/2018,130.5,131.4,128,128.6
6/3/2018,129.05,130.35,124.1,125.05
7/3/2018,125,125.35,123,124.15
8/3/2018,124.6,125.6,122,123.85
9/3/2018,124.1,127,122,122.4
12/3/2018,123.55,124,120.05,121.55
13/3/2018,121.75,124,121.15,122.4
14/3/2018,121.6,126,121.5,124.25
15/3/2018,123.5,124.9,121.5,121.75
16/3/2018,122.3,123.65,121.25,121.95
19/3/2018,122,122.4,118,118.65
20/3/2018,118.45,119.7,117.9,118.4
21/3/2018,121.5,121.5,117.3,118
22/3/2018,118.1,119,116.2,116.9
23/3/2018,114,116.8,113.55,114.95
26/3/2018,114.75,114.9,112,112.8
27/3/2018,113.8,116.7,113.45,113.85
28/3/2018,113.95,114.8,112.6,113
2/4/2018,114,122.35,113.2,121.4
3/4/2018,121.25,122.9,119.15,122.35
4/4/2018,122.6,127.5,122.1,123.1
5/4/2018,124.5,126.35,124.05,125.15
6/4/2018,125.35,126.3,124.5,125.85
9/4/2018,125.85,128,125.65,126.45
10/4/2018,127.8,128,125.9,127.35
11/4/2018,127.15,127.6,123.85,125.6
12/4/2018,125.05,129.25,124.85,127.6
13/4/2018,127.65,128.9,126.2,126.9
16/4/2018,125.5,126.8,125,126.05
17/4/2018,126.4,131.4,126.25,130.15
18/4/2018,131,134.7,129.1,130.8
19/4/2018,131.8,132.45,129.4,131.9
20/4/2018,131.4,134,130.1,132.8
23/4/2018,132.65,133.25,130,130.6
24/4/2018,130.3,132.5,130,130.55
25/4/2018,130.1,135.5,129.8,132.6
26/4/2018,133.3,134.6,131,132.7
27/4/2018,133.35,133.7,131.2,132
30/4/2018,132,137.45,131.8,135.85
2/5/2018,135.6,136.9,131.55,132.65
3/5/2018,132.05,133.95,130.05,131.6
4/5/2018,130.85,132.8,130.2,132.15
7/5/2018,133,135,131.1,133.3
8/5/2018,127.95,128,123.25,123.95
9/5/2018,123,125.8,122.55,123.95
10/5/2018,125,125,120.2,120.9
11/5/2018,121.65,123,120,120.4
14/5/2018,121,121.45,118.05,119.3
15/5/2018,118.8,119.6,115,115.7
16/5/2018,115.7,116.2,114.1,115.2
17/5/2018,116,116.9,114.75,115.35
18/5/2018,116,116,113.4,113.85
21/5/2018,115,115,110.1,110.7
22/5/2018,110.65,112,109.15,110.9
23/5/2018,110.45,113.4,110.2,111.65
24/5/2018,112.2,112.2,109.8,110.6
25/5/2018,110.3,114.9,110.05,113.75
28/5/2018,113.75,117.7,112.85,116.9
29/5/2018,117,118.2,113.8,116.45
30/5/2018,115.7,117,114.55,116
31/5/2018,116.8,119.5,115.5,117.6
1/6/2018,118.95,119.5,114.7,115.85
4/6/2018,116.2,116.8,114,115
5/6/2018,115.2,115.8,110.8,114.2
6/6/2018,113.8,116.35,112.6,116
7/6/2018,116.45,118.2,115.55,117.25
8/6/2018,116.9,122,115.7,119.6
11/6/2018,118.7,123.95,118.7,123.1
12/6/2018,124.3,127,122.5,123.1
13/6/2018,122.9,123.65,119.1,119.35
14/6/2018,118.9,121.3,118.1,119.75
15/6/2018,119.9,122.4,119.2,121.75
18/6/2018,120.1,123.85,119,123.15
19/6/2018,122,123.1,119.5,122.65
20/6/2018,122,123.7,120.1,121.35
21/6/2018,121.3,121.65,120.1,120.75
22/6/2018,120.55,120.85,119.2,119.8
25/6/2018,119.1,119.5,118,118.75
26/6/2018,118.75,118.75,116.75,117.1
27/6/2018,117.05,117.1,111.75,114.5
28/6/2018,113.5,113.5,111.5,112.25
29/6/2018,112.25,113.9,111.9,112.95
2/7/2018,113.5,113.5,110,111.9
3/7/2018,112,134,110.5,126.15
4/7/2018,125.45,125.6,118.5,119.2
5/7/2018,117.8,123.2,115.8,118.1
6/7/2018,118,121.4,117.1,118.35
9/7/2018,119.05,123,118.25,119.15
10/7/2018,120,121.4,118.5,118.95
11/7/2018,119.95,120.9,117.4,118.75
12/7/2018,119.5,120.4,117.15,117.9
13/7/2018,117.9,118.25,115,115.35
16/7/2018,115.55,116.2,109,109.7
17/7/2018,110,113.1,109,112.55
18/7/2018,112.6,113.7,109.55,110.6
19/7/2018,111,111.35,108.25,108.8
20/7/2018,108.8,109.6,107.7,108.8
23/7/2018,108.8,111.45,108.5,110.1
24/7/2018,110.5,113.4,110.25,113
25/7/2018,113.8,115.4,113,114.4
26/7/2018,114.9,115.95,113.1,114.1
27/7/2018,111,113.75,111,112.7
30/7/2018,112.7,116.95,112.5,114.25
31/7/2018,114.25,116.5,112.8,114.05
1/8/2018,114.1,115.85,113.5,114.2
2/8/2018,114.2,115.5,113.5,113.85
3/8/2018,114.25,114.95,113,113.35
6/8/2018,114.15,114.6,113,113.3
7/8/2018,113.45,113.85,111.8,112.4
8/8/2018,113,113.4,111.9,112.4
9/8/2018,112.65,113.25,112.15,112.5
10/8/2018,112.75,112.9,111,111.25
13/8/2018,111.4,111.4,110,110.25
14/8/2018,110.85,112.8,110.5,111.15
16/8/2018,111.85,112.8,108.7,110
17/8/2018,110.55,111.9,110,111.1
20/8/2018,110.4,111.45,109.55,110.1
21/8/2018,110.2,116.8,109.35,114.75
23/8/2018,115,115.3,112.15,112.9
24/8/2018,113.4,113.4,111.55,112.05
27/8/2018,112.15,113.7,111.65,111.9
28/8/2018,111.2,113.4,111.2,112.2
29/8/2018,112,116.2,111.8,113.8
30/8/2018,114.1,116.9,112.8,115.2
31/8/2018,115.7,118,112.9,116.9
3/9/2018,116.7,119.7,116,116.3
4/9/2018,116.95,116.95,111.45,111.9
5/9/2018,112.45,113.4,109.3,112.35
6/9/2018,112.6,113.45,111.4,112.35
7/9/2018,112.5,114.4,111.65,112.75
10/9/2018,112.1,115.8,112,112.35
11/9/2018,112.55,113.15,110.25,111.05
12/9/2018,112,112.5,108,110.15
14/9/2018,111,114.35,111,112.7
17/9/2018,112.1,113.65,110.75,111.4
18/9/2018,111.3,113.4,110.1,110.4
19/9/2018,111,112.05,109,109.45
21/9/2018,110.2,110.25,99,106
24/9/2018,106,106.55,99.55,101.65
25/9/2018,100.25,102.85,99.35,101.6
26/9/2018,102.4,102.55,100.2,100.6
27/9/2018,100.6,102.4,99.4,100.25
28/9/2018,100.15,100.85,95.2,97
1/10/2018,97.2,97.75,91.95,95.5
3/10/2018,96,102.4,95.4,98.4
4/10/2018,97.9,99.5,96,97.25
5/10/2018,96.2,97.65,94.5,95.1
8/10/2018,95,96.6,93.25,94.15
9/10/2018,94.4,94.7,92.5,93.15
10/10/2018,93.05,96.45,93.05,95.5
11/10/2018,93,95.4,92.05,93.95
12/10/2018,95.5,96.7,94.65,95.35
15/10/2018,97.3,101.75,95.5,100.9
16/10/2018,102.85,105.7,102.5,103.4
17/10/2018,104,104.25,100.55,100.75
19/10/2018,99.95,101,98.3,99.05
22/10/2018,99.95,100.2,96.5,97.45
23/10/2018,96.35,96.8,95.55,96.35
24/10/2018,96.5,98.35,95.4,96.15
25/10/2018,95,95.8,94,94.7
26/10/2018,95.55,96.1,93.55,94.4
29/10/2018,94.1,96.6,93.55,96.15
30/10/2018,95.9,98,95.65,96.25
31/10/2018,96.9,96.9,94.5,95.65
1/11/2018,96,98.25,95.4,97.05
2/11/2018,98.1,99.3,96.3,97.2
5/11/2018,96.95,98.9,96.1,97.8
6/11/2018,98,98.7,95.4,96.5
7/11/2018,97,98.4,96.1,97.85
9/11/2018,97.3,99,97.1,98.4
12/11/2018,98.55,99.75,98,98.25
13/11/2018,97.8,98.15,96.25,97.25
14/11/2018,97.4,100.7,97,99.15
15/11/2018,99.15,99.35,97.65,98.45
16/11/2018,98.25,99,97.25,98.1
19/11/2018,98,98.55,97,98.15
20/11/2018,97.95,100,97.6,98.05
21/11/2018,97.95,99.35,97.5,98.25
22/11/2018,98.3,98.3,95.8,95.95
26/11/2018,96.05,96.7,94.85,95.4
27/11/2018,95.1,96,94.5,95.55
28/11/2018,95.45,95.95,94.55,94.95
29/11/2018,95,95.35,93.2,94.55
30/11/2018,94.55,94.95,94,94.25
3/12/2018,94.25,95.5,93.6,94.75
4/12/2018,94.85,97.45,94,94.85
5/12/2018,94.6,95.2,93.8,94
6/12/2018,94.4,94.7,92.7,93.35
7/12/2018,94.3,94.3,92.5,92.75
10/12/2018,92.35,92.35,90.55,90.75
11/12/2018,89.95,91.3,89.3,91
12/12/2018,91.6,92.5,90.65,92.1
13/12/2018,92.35,93.6,92.25,92.85
14/12/2018,92.9,92.9,91.5,92.35
17/12/2018,92.5,95.8,92.1,94.8
18/12/2018,94.5,96.4,94,95.9
19/12/2018,96.4,97.2,94.9,95.75
20/12/2018,95.3,95.55,93.5,93.8
21/12/2018,93.6,96.3,93.3,94.75
24/12/2018,95.5,95.8,94.15,95.45
26/12/2018,95.5,96.35,94.1,95.25
27/12/2018,95.35,95.95,94.85,95.4
28/12/2018,95.2,98.5,95.15,97.1
31/12/2018,97.3,98.25,96.95,97.3
1/1/2019,97.35,100.05,96.75,98.75
2/1/2019,98.1,99.55,96.75,97.25
3/1/2019,97.25,97.4,95.6,97.05
4/1/2019,97.05,99.65,95.5,97.4
7/1/2019,97.7,98.3,96.4,97
8/1/2019,97,98.3,96.2,97.35
9/1/2019,97.6,98.95,97,97.55
10/1/2019,97.1,99.55,97,99.15
11/1/2019,99.7,100.85,98.5,99.2
14/1/2019,99,102.5,97.05,101
15/1/2019,101,101.7,99.5,100.05
16/1/2019,100.15,100.75,99.1,99.5
17/1/2019,99.5,100.65,98.5,98.7
18/1/2019,99.65,99.65,97.35,97.75
21/1/2019,97.95,98.4,94.8,95.25
22/1/2019,94.85,95.4,91.3,92.15
23/1/2019,92.9,93.55,91.8,92.5
24/1/2019,96,97.5,93.15,93.8
25/1/2019,94.8,95.95,92.15,92.6
28/1/2019,92,92.65,90.05,91.4
29/1/2019,91.55,91.55,90.05,90.85
30/1/2019,88.95,89.9,87.15,88.85
31/1/2019,88.9,90.7,88.85,90.15
1/2/2019,91,91,89.1,89.35
4/2/2019,88.35,89.45,88,88.35
5/2/2019,88.1,88.25,86.5,86.75
6/2/2019,87.1,87.2,84.1,85.3
7/2/2019,85.9,87.2,84.9,86.75
8/2/2019,86.55,86.55,84.35,84.8
11/2/2019,84.8,84.8,83.5,83.9
12/2/2019,83.9,84.75,83.05,84.35
13/2/2019,84.35,84.45,83.2,83.4
14/2/2019,83.25,83.35,82.05,83
15/2/2019,83.1,83.6,81.55,82.45
18/2/2019,82.45,82.45,81,81.2
19/2/2019,81.2,82,80.55,81.45
20/2/2019,81.7,82.5,81.1,81.7
21/2/2019,82.1,84.75,81.7,83.1
22/2/2019,83.15,85.1,82.9,84.15
25/2/2019,84.9,86.4,83.5,85.2
26/2/2019,85.25,85.25,82.15,84
27/2/2019,85.2,85.6,83.1,83.7
28/2/2019,84.2,84.4,83.5,83.9
1/3/2019,84,86,83.75,85.8
5/3/2019,86.1,90,86.1,89.55
6/3/2019,91.05,93.6,89.5,91.2
7/3/2019,91.5,91.95,89.8,90.2
8/3/2019,92,93,90.25,90.95
11/3/2019,91,95.95,91,92.6
12/3/2019,93.4,94.8,92.7,93.05
13/3/2019,93.25,93.8,91.6,92.15
14/3/2019,92,99.65,92,95.5
15/3/2019,95.4,96.95,94,94.25
18/3/2019,94.1,95.5,93,93.6
19/3/2019,93.7,97.1,93.15,95.9
20/3/2019,96.7,96.7,94,94.3
22/3/2019,94.2,94.7,92.65,92.9
25/3/2019,92.5,92.5,90.05,90.25
26/3/2019,90.85,91.5,89.1,89.8
27/3/2019,89.8,91.8,89.4,90.1
28/3/2019,90.2,91.2,89.55,89.85
29/3/2019,90.25,91.4,89.55,90.2
1/4/2019,90.6,93.25,90.6,92.55
2/4/2019,93,95.65,92.55,93.7
3/4/2019,93.75,95.3,92.5,92.75
4/4/2019,93.25,93.4,90.1,90.8
5/4/2019,91.9,92.8,91,91.85
8/4/2019,92.7,92.7,90.8,91.15
9/4/2019,91.7,91.8,90.15,91.1
10/4/2019,91.1,92.3,90.8,91.1
11/4/2019,91.5,92.25,90.6,91.9
12/4/2019,91.9,93.1,91.4,92.45
15/4/2019,93.7,93.7,92.2,92.5
16/4/2019,92.95,93.8,92.3,92.9
18/4/2019,93.2,93.2,91.4,92
22/4/2019,94,95.4,92.05,92.6
23/4/2019,92.5,93.35,90.4,91
24/4/2019,91.5,92.1,90.65,91.2
25/4/2019,90.65,91.5,90.5,90.7
26/4/2019,90.2,91.45,90.2,90.5
30/4/2019,90.25,90.65,88.55,89
2/5/2019,89.2,89.2,87.5,87.85
3/5/2019,88.75,88.8,86.5,86.85
6/5/2019,86.2,87.3,85.8,86.85
7/5/2019,87.9,87.9,85.5,85.75
8/5/2019,86.9,86.9,84.6,85.6
9/5/2019,85.4,86.65,84.65,86.05
10/5/2019,86,86.8,85.65,85.95
13/5/2019,87.2,87.5,84,84.3
14/5/2019,84.55,85.25,82.05,83.75
15/5/2019,84.55,88,83.95,85.35
16/5/2019,86.75,91.6,84.3,87.85
17/5/2019,87.35,89.35,86.2,87.65
20/5/2019,88.65,92.45,86.5,90.85
21/5/2019,90.95,91.85,88.65,89.25
22/5/2019,89.25,89.65,87.55,89.2
23/5/2019,90.05,91.8,87.35,88.1
24/5/2019,88.1,89.9,88.1,89.4
27/5/2019,89.9,92.7,89.55,91.5
28/5/2019,92.15,93.65,91.5,91.85
29/5/2019,92.25,93,91,91.2
30/5/2019,91.2,91.2,89.55,89.7
31/5/2019,90.05,90.9,89,89.75
3/6/2019,89.75,92.25,89.15,90.9
4/6/2019,90.9,92.95,90.75,91.15
6/6/2019,91.15,91.35,89,89.25
7/6/2019,89,89.7,87.75,88.7
10/6/2019,72,89.75,72,86.65
11/6/2019,87,87.85,86.35,86.6
12/6/2019,86.6,86.9,85.5,86.25
13/6/2019,86,86,84.45,85.05
14/6/2019,85.3,85.6,83.2,83.5
17/6/2019,84,84.7,82.6,82.85
18/6/2019,83,83.1,80.75,81.55
19/6/2019,82,82.55,75,77.1
20/6/2019,77.1,80.9,76.15,80.25
21/6/2019,80.95,83.85,79,81.65
24/6/2019,80.55,81.6,78.4,79.7
25/6/2019,79.5,80.9,78.2,80.05
26/6/2019,79.6,83.25,78.1,82.45
27/6/2019,83.15,84.8,81.75,82.9
28/6/2019,82.75,83.1,81.45,82.15
1/7/2019,82,82.5,81,81.55
2/7/2019,81.55,82,81.2,81.75
3/7/2019,81.55,81.9,79.5,79.9
4/7/2019,79.7,80.45,78.8,79.2
5/7/2019,79,79.7,78.55,79.2
8/7/2019,79.5,79.75,76.3,76.85
9/7/2019,76.1,78.75,76.1,78.05
10/7/2019,78.25,78.7,76.45,77.2
11/7/2019,77,77.5,76.25,77.1
12/7/2019,77.1,78.4,76.35,77.7
15/7/2019,78,79.5,76.45,78
16/7/2019,77.2,78,76.65,77.6
17/7/2019,77.8,79.25,77.1,78.45
18/7/2019,78.95,78.95,76.75,77.15
19/7/2019,77.2,77.45,75.5,76.4
22/7/2019,76.1,76.75,74.45,75.3
23/7/2019,76.3,76.3,74.3,74.55
24/7/2019,74.6,74.95,73.2,73.4
25/7/2019,73.5,75.25,71.2,74.5
26/7/2019,75,78.7,74.1,76.4
29/7/2019,77.05,77.2,74.6,75.35
30/7/2019,76.4,76.4,72.15,74.6
31/7/2019,74.85,75.95,72,75.15
1/8/2019,75,76.6,74.05,75.3
2/8/2019,74.6,74.75,72.5,73.3
5/8/2019,73,73.2,70,70.65
6/8/2019,70.1,72.95,70.1,72.4
7/8/2019,72,73.5,71.2,71.75
8/8/2019,71.55,72.25,70.5,71.45
9/8/2019,71.45,73.75,71.4,73.5
13/8/2019,73.2,73.5,72,72.6
14/8/2019,72,73.95,71.1,73.2
16/8/2019,73.8,74,71.7,73.4
19/8/2019,72.7,74.05,72.2,72.85
20/8/2019,73.2,74.7,70,72.2
21/8/2019,72.85,72.85,70.55,71.15
22/8/2019,70.55,70.95,68.6,68.8
23/8/2019,69.45,70.35,67.1,69.75
26/8/2019,70.1,71,69.1,70.45
27/8/2019,70.9,72.65,70.3,72.1
28/8/2019,72.2,78,71.45,75.5
29/8/2019,75.2,76,72.85,73.8
30/8/2019,73.5,76.9,72.9,75.2
3/9/2019,75,75,73.15,74.1
4/9/2019,73,74.1,72.45,73.15
5/9/2019,72.8,74.05,72.8,73.7
6/9/2019,73.95,74.85,73.45,74.35
9/9/2019,74.5,75.25,73.25,74.85
11/9/2019,74.1,81.4,74.1,79.6
12/9/2019,79.1,82,78.3,79.4
13/9/2019,79.1,81.45,78.25,80.2
16/9/2019,79.8,83.25,79.1,81.1
17/9/2019,81.5,82.7,78.2,78.85
18/9/2019,80.1,81.2,79.3,80.2
19/9/2019,80,82.9,79.75,80.65
20/9/2019,82,82.8,80.2,81.6
23/9/2019,81.65,84.8,81,82.3
24/9/2019,82.35,83.8,81.3,81.75
25/9/2019,81.6,81.85,79.7,81.05
26/9/2019,81.65,81.75,80.55,80.8
27/9/2019,80.3,81.45,79.25,79.7
30/9/2019,79.95,79.95,76.65,77.25
1/10/2019,77.55,77.65,74,74.65
3/10/2019,74.8,75.7,74,74.3
4/10/2019,75.15,75.15,73,73.5
7/10/2019,74.1,74.2,72.55,72.8
9/10/2019,72.85,73.3,71.6,73
10/10/2019,73,75.5,72.55,74.65
11/10/2019,75.75,75.75,74.25,75.05
14/10/2019,75.4,75.85,74.5,74.95
15/10/2019,75,76.4,74.15,75.9
16/10/2019,75.85,76.15,74.75,75.1
17/10/2019,74.55,75.45,74.05,75.1
18/10/2019,75.3,77.35,74.7,76.65
22/10/2019,76.65,77.65,75.8,76.25
23/10/2019,76.5,79.2,75.75,76.9
24/10/2019,77.55,79.2,76.8,77.25
25/10/2019,77.6,77.95,76.15,77.15
27/10/2019,79,79,77.7,78.6
29/10/2019,82,83.85,81.05,81.7
30/10/2019,82.4,85.7,81.6,83.5
31/10/2019,84.15,87,83.45,85.4
1/11/2019,86.4,87,85.05,85.3
4/11/2019,86,87.4,85.5,86.05
5/11/2019,86.9,86.9,83.1,83.55
6/11/2019,83.55,84,82.3,82.75
7/11/2019,83.1,84.9,82.05,83.2
8/11/2019,83.4,88.2,82.55,83.9
11/11/2019,84.6,85.05,83.65,84.25
13/11/2019,83.95,84.95,81.2,81.6
14/11/2019,81.8,82.4,81.1,81.45
15/11/2019,81.5,82.9,80.05,80.4
18/11/2019,80.35,81.2,79,79.7
19/11/2019,80.7,81.9,79.4,80.2
20/11/2019,80.65,81.5,79.15,79.55
21/11/2019,79.9,83.5,79.4,82.7
22/11/2019,82,84.9,81.9,84.1
25/11/2019,85,85.8,83.3,83.65
26/11/2019,84.3,85.25,83.1,83.6
27/11/2019,84.4,87.3,82.8,86.15
28/11/2019,85.5,89.5,85.4,87.1
29/11/2019,86.5,90.3,86.5,88.9
2/12/2019,89.3,93.7,88.15,92.85
3/12/2019,93.7,97,93.3,95.5
4/12/2019,93.3,97,93,96.25
5/12/2019,98.85,99,94.5,96.1
6/12/2019,96.55,98.3,95.65,97.7
9/12/2019,98.4,98.45,94.3,94.75
10/12/2019,96.2,96.2,92,93.5
11/12/2019,94.7,96.5,92.25,93.4
12/12/2019,93.95,95.45,93.3,94
13/12/2019,94.5,95.05,93.2,94
16/12/2019,94.4,94.5,92.3,92.95
17/12/2019,94,97.5,93.45,95.2
18/12/2019,94.4,95.05,91.2,91.8
19/12/2019,91,92.75,90.1,92.2
20/12/2019,92.6,93,91.35,91.8
23/12/2019,91,93.25,91,91.6
24/12/2019,91.6,93,91.15,91.65
26/12/2019,91.7,92.4,91.55,91.75
27/12/2019,91.9,92.3,91.2,91.85
30/12/2019,92.3,92.45,91.05,92.05
31/12/2019,92,94.25,91.2,92.1
1/1/2020,92.5,92.7,91.3,91.5
2/1/2020,91.9,93.25,91.55,92.45
3/1/2020,92.7,96.2,92.5,93.9
6/1/2020,92.75,93.25,90.1,90.35
7/1/2020,91.05,92.55,90.5,91.55
8/1/2020,91,91.55,88.6,89.15
9/1/2020,90.3,92.8,90,91.45
10/1/2020,91.8,93.95,91.8,93.3
13/1/2020,95,99.85,94.3,97.55
14/1/2020,97.75,102.95,97.05,100.35
15/1/2020,100.5,101.55,99.5,99.9
16/1/2020,99.9,104,99.85,101.95
17/1/2020,102.9,103.85,98.5,99.35
20/1/2020,99.35,102.8,98.85,100.45
21/1/2020,99.5,106.95,99.5,102.95
22/1/2020,103.95,105.35,101.05,102.3
23/1/2020,102.9,105.45,102.55,103.9
24/1/2020,103.75,105.4,102.55,103.3
27/1/2020,102.8,104.55,101.5,102
28/1/2020,102.5,103.65,98,99.35
29/1/2020,106.1,107.8,102.6,103.35
30/1/2020,103.95,104,99.05,99.95
31/1/2020,100.5,100.8,97.4,98.1
1/2/2020,97.35,97.55,93.1,93.7
3/2/2020,93.7,94.15,91.35,92.85
4/2/2020,93.5,98.15,93,97.3
5/2/2020,98.1,102,97.55,99.4
6/2/2020,100.3,100.4,98,98.3
7/2/2020,98,99.4,97.15,98.7
10/2/2020,98.75,98.75,96.3,97.2
11/2/2020,97.5,98.7,95.05,95.55
12/2/2020,95.6,97.8,94.7,97.05
13/2/2020,97.5,97.5,94.8,95.1
14/2/2020,94.8,96.1,93.55,94.1
17/2/2020,94.25,94.9,91.4,91.75
18/2/2020,91.5,91.75,89.55,91.05
19/2/2020,91.1,96,91.1,95.2
20/2/2020,95.4,96.6,93.75,94.25
24/2/2020,93,95.4,92.3,92.65
25/2/2020,92.35,94.2,91,91.7
26/2/2020,90.9,91.4,89.7,89.95
27/2/2020,89.95,90.05,85.15,86.25
28/2/2020,83,83.75,80,80.65
2/3/2020,81.7,83,77.05,78.6
3/3/2020,78.95,80.35,78.3,79.45
4/3/2020,80,82.5,78.45,80.45
5/3/2020,81,83.5,78.55,79.7
6/3/2020,73.15,77,73.15,76.45
9/3/2020,74.85,74.9,70,71.8
11/3/2020,72.85,74.5,70.95,71.45
12/3/2020,70,70,65.8,66.8
13/3/2020,58.2,68.75,53.45,66.8
16/3/2020,64,67.8,62.8,64.3
17/3/2020,64.45,66,62.8,63.1
18/3/2020,63.6,65.4,60,60.7
19/3/2020,58,60.5,56,58.7
20/3/2020,58.75,60.9,58.15,59.8
23/3/2020,56,56,48.15,51.65
24/3/2020,53.65,54.25,49,49.4
25/3/2020,49.4,50.9,48,50.5
26/3/2020,50.25,57,50.25,54.1
27/3/2020,59,59,53.4,54.6
30/3/2020,53.6,58.2,52.4,55
31/3/2020,57,57.4,55.7,56.15
1/4/2020,57.8,57.95,54,54.8
3/4/2020,55.85,56.3,54,54.3
7/4/2020,57,59,55.3,58.5
8/4/2020,58.5,61.65,57.5,59.8
9/4/2020,64.7,69,62.35,68.1
13/4/2020,70.5,74.8,70,71.25
15/4/2020,72.5,74.2,69.3,70.1
16/4/2020,70.05,71.9,69.7,70.75
17/4/2020,72.2,72.95,70.6,71.2
20/4/2020,72.55,75.4,71.3,73.9
21/4/2020,73,73,70.2,70.55
22/4/2020,70.55,70.9,68.7,70
23/4/2020,71.7,72.85,69.3,70.85
24/4/2020,70.55,72.75,70.15,70.2
27/4/2020,72,72,70.3,70.8
28/4/2020,71.15,76,70.55,73.95
29/4/2020,73.15,76.75,73.15,75.25
30/4/2020,76.25,82.7,75.5,78.5
4/5/2020,74,76.5,74,75.95
5/5/2020,77.9,79.95,77.05,77.7
6/5/2020,79.8,79.8,76.1,76.95
7/5/2020,76.95,76.95,74,74.55
8/5/2020,75,75.5,72.15,72.5
11/5/2020,72.8,73.5,71.8,72.05
12/5/2020,71.85,71.85,69,70.75
13/5/2020,73.7,73.95,71.65,72.55
14/5/2020,71.5,73.15,71.15,71.5
15/5/2020,72.2,74.8,71,72.2
18/5/2020,72.8,72.9,69.25,70.15
19/5/2020,70.8,72.5,69.85,71.15
20/5/2020,71.2,71.95,70.65,71.2
21/5/2020,71.4,73.2,70.55,71.3
22/5/2020,70.5,72.2,70.5,71.05
26/5/2020,71.35,73.95,71.35,73.15
27/5/2020,73.75,74.9,72,73.85
28/5/2020,74.45,74.7,73.5,74
29/5/2020,73.7,75.3,72.1,74.55
1/6/2020,76.4,76.4,73.75,74.65
2/6/2020,75.7,75.85,75.05,75.2
3/6/2020,74.9,77.4,74.9,76
4/6/2020,75.95,77.85,75.8,76.3
5/6/2020,76.15,79.85,76.15,79.3
8/6/2020,80.4,82,78.85,79.5
9/6/2020,80.55,81,77.95,78.35
10/6/2020,78.4,84.6,78.4,82.05
11/6/2020,82.7,90.5,82.25,85.25
12/6/2020,82.4,86.5,78.75,83.55
15/6/2020,83.55,84.9,81.15,81.9
16/6/2020,82.95,86.95,78.4,85.15
17/6/2020,84.5,87,83.5,84.9
18/6/2020,84.8,87.2,84.45,85
19/6/2020,85,87.15,83.6,84.35
22/6/2020,85.75,85.9,83.7,84.05
23/6/2020,84.2,84.85,83.5,84.15
24/6/2020,84.65,86.2,83.6,84.1
25/6/2020,84,85,83.1,84.25
26/6/2020,85,85.8,83.4,83.6
29/6/2020,83.15,83.4,82,82.25
30/6/2020,82.35,84.5,81.5,81.95
1/7/2020,81.5,82.7,81.05,81.95
2/7/2020,82.25,82.7,81.55,81.9
3/7/2020,82.05,85.45,82.05,84.35
6/7/2020,85.8,87.85,85.05,86.6
7/7/2020,86.7,87,85.05,85.65
8/7/2020,86.4,88.8,85.35,87.7
9/7/2020,88.4,89.25,87,87.25
10/7/2020,86.95,87.8,82.6,83
13/7/2020,83.15,84.45,79.6,80.3
14/7/2020,80.2,81.3,77.7,78
15/7/2020,79,80.7,78.4,79
16/7/2020,79.15,80,78.55,79.2
17/7/2020,79.8,81.35,79.05,80.1
20/7/2020,80.9,81,79.55,80.05
21/7/2020,82,82,80.25,80.55
22/7/2020,80.4,81.5,80.25,80.55
23/7/2020,81.4,84.25,81.1,82.6
24/7/2020,82,84.45,82,83.15
27/7/2020,84,84,81.25,81.9
28/7/2020,82.45,84,81.9,83.3
29/7/2020,96.65,96.65,91.3,93.1
30/7/2020,94,95.5,93,93.55
31/7/2020,93.4,94,89.55,90.55
3/8/2020,90.35,95,89.05,93.1
4/8/2020,93.5,96.5,93.45,95.5
5/8/2020,97.15,98.7,96.15,96.85
6/8/2020,96.05,102.3,96.05,100.6
7/8/2020,100.5,106.9,99.1,106.2
10/8/2020,107.25,110.4,107,109
11/8/2020,110,111.5,103.9,105.45
12/8/2020,105.35,106.95,102.7,106.4
13/8/2020,107,110.2,106.5,108.7
14/8/2020,109.45,109.8,103.1,105.5
17/8/2020,106.5,107.1,104.4,104.85
18/8/2020,105.75,108.75,105.1,107.7
19/8/2020,108.4,116.65,107.15,115.6
20/8/2020,115,117.9,114.1,115.45
21/8/2020,115.45,118.45,115.45,116.3
24/8/2020,117.35,119.9,116.3,116.75
25/8/2020,117.5,117.65,112.9,113.6
26/8/2020,114,118.75,113.75,117.65
27/8/2020,117.2,119.6,116.5,117.4
28/8/2020,117.75,118.3,115,115.45
31/8/2020,116.5,116.95,107.4,108.85
1/9/2020,108.7,110.5,105.45,108.7
2/9/2020,109.75,112.95,109,112.25
3/9/2020,113,116.85,112.25,114.3
4/9/2020,111.3,114.1,111.05,112.25
7/9/2020,113.3,114.6,108.55,109.5
8/9/2020,109.9,110.9,106.75,107.2
9/9/2020,106.15,106.9,103.35,106.1
10/9/2020,107,108,106.35,107.25
11/9/2020,107.25,110.6,106.9,109.35
14/9/2020,111.5,112.65,110,111.8
15/9/2020,112.75,112.9,111.3,111.85
16/9/2020,112.2,114.2,110.6,110.9
17/9/2020,111.8,114.4,110.75,111.65
18/9/2020,112.25,112.8,108.75,111.85
21/9/2020,111.8,112.9,104.9,105.55
22/9/2020,104.5,105,100.35,103
23/9/2020,103.2,104.85,99.85,101.6
24/9/2020,99.5,101.7,97.7,98.4
25/9/2020,100.1,103.85,100.1,101.7
28/9/2020,102.75,105.4,102.7,104.5
29/9/2020,106,106.5,103.8,104.5
30/9/2020,105.4,106,103.5,104.6
1/10/2020,106.2,109.5,104.55,105.15
5/10/2020,105.9,106.8,104.5,105.05
6/10/2020,105.9,106.4,104.45,104.95
7/10/2020,104.15,105.25,103.35,103.75
8/10/2020,104.7,104.7,102.5,103.1
9/10/2020,103.7,104.3,102.25,103.95
12/10/2020,105,105,102.2,102.85
13/10/2020,103.3,104.2,101.4,102.05
14/10/2020,102.95,102.95,100.1,101.2
15/10/2020,102.3,102.75,100,100.3
16/10/2020,100.45,101.6,99.4,100.35
19/10/2020,101.4,103.95,100.8,102.9
20/10/2020,103.45,104.5,102.25,103.8
21/10/2020,104.3,107.4,101.5,101.9
22/10/2020,101.9,106.9,101.6,105.65
23/10/2020,106.7,110.6,105.4,109.1
26/10/2020,110.35,110.75,104.7,108.35
27/10/2020,108,113.4,107,109.55
28/10/2020,109.85,110.5,107.2,109.3
29/10/2020,104,107.6,101,101.45
30/10/2020,102.35,103.45,99.7,101.6
2/11/2020,102,102.95,99.3,99.85
3/11/2020,100.5,101.8,99.05,99.75
4/11/2020,100.9,101,99.2,100.4
5/11/2020,100.9,104.2,100.3,102.6
6/11/2020,102.8,103.95,100.75,101.45
9/11/2020,103.45,103.45,102,102.9
10/11/2020,103.25,103.25,101.1,102.3
11/11/2020,102.8,102.9,100.75,101.45
12/11/2020,101.9,103.2,101.4,102.55
13/11/2020,103.25,103.95,101.8,102.15
14/11/2020,103.4,103.6,102,103.3
17/11/2020,104.05,104.3,102.4,102.65
18/11/2020,103.25,103.95,102.3,102.65
19/11/2020,102.95,103.45,101.2,101.9
20/11/2020,102.4,103.6,102.15,102.5
23/11/2020,103,104.8,102.5,103.7
24/11/2020,103.9,104.55,103.6,103.9
25/11/2020,104.6,104.8,102.5,102.75
26/11/2020,103,103.8,101.35,102.6
27/11/2020,102.6,104.35,102.1,103.25
1/12/2020,103.8,107.85,103.2,105.25
2/12/2020,106.15,108.7,105.5,107.6
3/12/2020,108.65,109.9,108.6,109.1
4/12/2020,109.9,110.4,105.55,107.3
7/12/2020,107.35,112.5,107.35,111.1
8/12/2020,112.2,112.75,108.4,110.6
9/12/2020,111.7,113.9,110.55,112.2
10/12/2020,111.75,111.8,109.1,110.6
11/12/2020,111,112.3,108.3,109.05
14/12/2020,109.65,110.7,108.1,108.5
15/12/2020,108.6,108.7,106.3,108.15
16/12/2020,108.25,109.4,108.25,108.6
17/12/2020,108.95,111.75,108.45,109.2
18/12/2020,109.7,110.2,107.7,108.5
21/12/2020,108.2,109,99,101.55
22/12/2020,102,104.2,98.4,103.05
23/12/2020,103.05,107.25,102.5,106.65
24/12/2020,107.45,107.55,103.9,104.65
28/12/2020,105.4,106.8,105,105.95
29/12/2020,106.8,107.35,105.1,105.95
30/12/2020,106,106.75,105,105.55
31/12/2020,105.1,105.85,104.15,104.65
1/1/2021,105.05,108.7,103.5,107.95
4/1/2021,109,110,107.55,108.7
5/1/2021,107.55,108.7,106.5,107.85
6/1/2021,108,108.85,106,106.65
7/1/2021,107.55,107.65,105.9,106.2
8/1/2021,107,108.2,105.65,106.3
11/1/2021,107.5,108.5,106.1,106.95
12/1/2021,107.4,116.6,107,113.95
13/1/2021,115.85,120,113.35,115.85
14/1/2021,116.85,116.85,114.25,115.05
15/1/2021,114.75,115.85,111,112.6
18/1/2021,112.9,113.6,108.05,109.25
19/1/2021,109.55,113.4,109.55,111.45
20/1/2021,112.3,114.65,111.45,112.65
21/1/2021,113.6,117.3,113.05,114.05
22/1/2021,115.75,118.75,115.15,116.75
25/1/2021,118.7,121.5,115.05,116.65
27/1/2021,116.65,116.7,109.9,111.3
28/1/2021,111.3,116,111.3,112.65
29/1/2021,114.35,114.35,109.65,110.5
1/2/2021,111.2,113.9,108.5,112.45
2/2/2021,114,114.9,111.85,112.4
3/2/2021,113.4,114.5,112.1,113
4/2/2021,113,114.4,112.4,113.5
5/2/2021,113.95,114.35,111.05,111.3
8/2/2021,111.95,112.35,110.35,110.75
9/2/2021,111.5,112.35,109.6,109.95
10/2/2021,110.35,110.6,107.1,108
11/2/2021,108,109.8,107.7,108.35
12/2/2021,108.75,111.45,108.15,110.25
15/2/2021,110.65,111.1,109,109.25
16/2/2021,109.75,111.75,107.7,109.25
17/2/2021,111,112.65,107.1,107.35
18/2/2021,107.95,108.45,106.7,107.2
19/2/2021,107.2,107.7,104.7,105.35
22/2/2021,105.8,105.85,104,104.35
23/2/2021,105.1,109.3,104.8,108.4
24/2/2021,113.4,114,109.05,111.95
25/2/2021,111.95,119.4,111.65,118.5
26/2/2021,116.8,135.7,115.25,130
1/3/2021,133,136.95,129.2,131.75
2/3/2021,132.05,132.25,127.3,128.3
3/3/2021,129,135.4,126.4,132.05
4/3/2021,130.6,138.8,129.05,134.55
5/3/2021,134,136.8,127.5,128.45
8/3/2021,129.8,130.75,126.6,127.7
9/3/2021,128.5,130.9,125,126.2
10/3/2021,126.95,128.35,125.55,126.6
12/3/2021,127.45,133.6,126.1,131.7
15/3/2021,132.45,132.45,126.5,128.3
16/3/2021,129.15,130.55,126.3,127.25
17/3/2021,127.95,128.15,120.55,121.35
18/3/2021,122.5,124.7,117.25,119.3
19/3/2021,118.85,118.85,112.7,117.45
22/3/2021,118.4,118.95,115.3,116.5
23/3/2021,117.3,128.7,116.7,126.1
24/3/2021,124.8,125.9,119.2,120.05
25/3/2021,120,121.25,114.3,116.2
26/3/2021,117.8,124,116.75,121.15
30/3/2021,121,123.2,120,121.9
31/3/2021,121.45,122.3,118.85,119.95
1/4/2021,120.65,123.9,120.55,122.85
5/4/2021,122.85,122.85,117.5,121.1
6/4/2021,121.15,126,119.65,124.9
7/4/2021,125.6,130.5,125.2,127.55
8/4/2021,128.7,129.5,125.2,126.5
9/4/2021,127.35,127.5,124.5,125.6
12/4/2021,123,123.1,116.05,117.45
13/4/2021,119.15,121.5,116.6,117.55
15/4/2021,117.65,118.6,115.2,116.45
16/4/2021,117.1,119.75,116.75,119.05
19/4/2021,115.5,117.4,114,114.45
20/4/2021,115.25,117.4,114.25,115.8
22/4/2021,115,117.4,114.15,116.1
23/4/2021,115.2,126.75,115.2,125.05
26/4/2021,126.9,129.15,124.75,126.7
27/4/2021,128.05,128.8,125.8,126.95
28/4/2021,128.5,130.9,126.75,127.35
29/4/2021,129.7,130.8,126.4,127.8
30/4/2021,133.25,139.85,129,131
3/5/2021,130.85,139.45,127.4,137.7
4/5/2021,141,147.3,140.1,141.55
5/5/2021,143.4,145.65,140.55,142.55
6/5/2021,145,149.95,143.75,148.55
7/5/2021,150,154.7,144.05,153.1
10/5/2021,154.25,172,153.15,168.4
11/5/2021,165.75,180.9,161.15,172.4
12/5/2021,173.4,176.75,159.8,163.5
14/5/2021,165.85,169.2,157.55,160.4
17/5/2021,161.8,168.7,158.5,166.1
18/5/2021,167.85,168.6,160,161.6
19/5/2021,163,180,163,177.8
20/5/2021,181.25,185.85,179.1,183.25
21/5/2021,184.8,185.45,176.15,178.5
24/5/2021,180,181.4,172.25,178.7
25/5/2021,180.25,181.75,175,178.05
26/5/2021,178.4,181.5,176.05,178.65
27/5/2021,180.4,188.6,179.5,183.8
28/5/2021,184.6,185.5,177,179.85
31/5/2021,182,183.7,178.4,179.2
1/6/2021,180,181.35,172.65,174.25
2/6/2021,173.55,175.65,172.05,174
3/6/2021,176.9,178.7,175.6,176.7
4/6/2021,177.9,177.9,173.75,174.35
7/6/2021,176.4,176.65,173,174.35
8/6/2021,176.25,178.9,174.1,177.45
9/6/2021,179,184.7,176.25,178.75
10/6/2021,179.5,190,179.1,186.95
11/6/2021,187.2,193.4,186.3,188.6
14/6/2021,188.5,188.5,177.55,184.65
15/6/2021,184.15,186.5,180.8,181.8
16/6/2021,182.25,185.95,178.35,181.35
17/6/2021,179.6,183.2,177.5,178.45
18/6/2021,179,180.2,168,175.15
21/6/2021,170.05,175.95,168.65,174.05
22/6/2021,175.2,178.7,175.2,175.95
23/6/2021,177.3,177.3,173.1,174.2
24/6/2021,175.75,175.75,172.05,172.9
25/6/2021,173.05,178.95,172.2,177.8
28/6/2021,180.95,185.4,178.5,183.35
29/6/2021,185.1,189,184.55,185.75
30/6/2021,187.7,190.6,186.5,187.65
1/7/2021,188.6,189,183,184.55
2/7/2021,183.05,187.5,182.15,186.4
5/7/2021,187.85,198.35,187.85,192.45
6/7/2021,193.8,194.8,187.35,188.8
7/7/2021,187.8,193.95,185.4,192.85
8/7/2021,193,194.3,187.5,190.45
9/7/2021,190.45,192.5,187.7,189.9
12/7/2021,191.5,191.85,185.85,186.6
13/7/2021,188.6,193.95,186.2,192.2
14/7/2021,190.05,195.35,189.5,192.2
15/7/2021,192.5,194.25,191,192.15
16/7/2021,193.25,194.2,189.5,190.25
19/7/2021,190.4,191.4,187.5,189.1
20/7/2021,189.7,190.25,182.25,184.4
22/7/2021,192,202,190.65,199
23/7/2021,206.45,210.5,201.5,208.35
26/7/2021,209,218.3,208.5,215.5
27/7/2021,219.5,241.7,218.1,235.3
28/7/2021,238.9,246.7,208.3,215.1
29/7/2021,211.7,219.75,206.15,211.5
30/7/2021,211.5,218.3,210.2,212.5
2/8/2021,214.05,215.5,210.2,211.7
3/8/2021,212.45,213.55,205,206.75
4/8/2021,207.1,216.95,207.1,213.05
5/8/2021,213,213,207.65,209.1
6/8/2021,209.25,214.5,209,212.2
9/8/2021,211.9,213.7,206.3,207.9
10/8/2021,208.3,211.35,194.05,202.9
11/8/2021,203.95,204.6,192.05,196.5
12/8/2021,197.8,205.6,195.25,203.65
13/8/2021,204.35,207.9,202.55,206.1
16/8/2021,206,206,200.8,201.95
17/8/2021,202,202.2,197.5,200.5
18/8/2021,200.5,201.7,197.8,199.95
20/8/2021,197,197.85,186.3,189.2
23/8/2021,190.85,192.65,178.6,181.7
24/8/2021,182,199.8,179.75,196.6
25/8/2021,197.5,203.4,194.15,198.95
26/8/2021,198.9,201.2,194.45,195.95
27/8/2021,195.45,196.85,192.65,194.95
30/8/2021,196.8,200.8,196,198.95
31/8/2021,201.2,216.25,201.2,213.15
1/9/2021,214,214.25,207.9,211.1
2/9/2021,211.9,213.75,208.7,209.5
3/9/2021,210,211.25,206.4,207.6
6/9/2021,207.6,209.5,203.2,204.1
7/9/2021,211.35,217,209.6,212.45
8/9/2021,213,214.2,210.05,211.9
9/9/2021,211,211.7,208.2,210.75
13/9/2021,207.15,211,207.15,208.25
14/9/2021,210,210.35,207.5,208.2
15/9/2021,208.2,211.9,207.85,208.75
16/9/2021,209.75,214.9,207.95,212.35
17/9/2021,213.5,213.6,205.5,208.4
20/9/2021,207.9,209.35,201.1,202.2
21/9/2021,202,204.75,197.3,202.65
22/9/2021,205.9,208.45,204.55,205.8
23/9/2021,207.75,208.7,205.75,206.55
24/9/2021,209.5,209.5,202.75,203.4
27/9/2021,205,206.5,201.5,203.5
28/9/2021,204.45,204.5,201,202.2
29/9/2021,200.55,207.3,200.2,203.2
30/9/2021,204,206.35,203,203.55
1/10/2021,203,204.05,200.7,201.4
4/10/2021,206,209.7,204.65,205.55
5/10/2021,205.5,207.7,204.5,205.4
6/10/2021,206,218.9,204.1,212.95
7/10/2021,215.4,220,215,218.35
8/10/2021,221,223.5,218,218.9
11/10/2021,219.5,220.4,215.3,216.85
12/10/2021,217.3,229.6,216.5,227.85
13/10/2021,230.25,242.25,229.6,233.9
14/10/2021,236,237.8,227.8,230.45
18/10/2021,232.9,238,231.25,234.15
19/10/2021,241,254.4,230.25,235.8
20/10/2021,237,242,224,227.05
21/10/2021,229.8,231.2,223.05,225.3
22/10/2021,227,228.3,214.5,218.8
25/10/2021,218.9,222.05,207.7,212.3
26/10/2021,212,218,210.55,214.4
27/10/2021,216.4,220.25,213.3,214.4
28/10/2021,213,214.7,208.55,209.95
29/10/2021,210,212,203.8,207.9
1/11/2021,209.2,215.85,207.15,211.8
2/11/2021,213.5,215.35,211.1,213.55
3/11/2021,214.15,214.15,211.5,212.8
4/11/2021,214.5,216.5,213,215.85
8/11/2021,217.55,218.7,214,216.05
9/11/2021,216.05,221.5,215.55,218.75
10/11/2021,218,227.25,217,220.55
11/11/2021,221.2,224.25,218.4,219.7
12/11/2021,221.75,225.75,217.8,220.7
15/11/2021,224.9,227.8,222.45,225.6
16/11/2021,227.4,229,223.25,224.8
17/11/2021,227,231.4,226.95,228.85
18/11/2021,230.4,231.95,222.2,225.4
22/11/2021,225,225,211.7,213.85
23/11/2021,211,219.4,206.85,217.3
24/11/2021,219.35,223,215.8,216.6
25/11/2021,217.7,218.4,215.15,216.7
26/11/2021,215,215.25,206.95,208.05
29/11/2021,205.35,206.75,192.15,199.4
30/11/2021,199.95,207,199.95,202.85
1/12/2021,204.65,208.9,203.05,204.5
2/12/2021,205.7,206,203.4,205.35
3/12/2021,205,207.8,203.5,204.35
6/12/2021,206.9,206.9,202,202.5
7/12/2021,207,214.4,204.1,212.4
8/12/2021,213,215.8,210.5,213.5
9/12/2021,213.5,215,211.25,212.8
10/12/2021,213,219.25,212.1,216.45
13/12/2021,218.25,218.25,213.1,214.65
14/12/2021,214.7,214.7,211.65,212.95
15/12/2021,213.9,213.9,210,211.1
16/12/2021,213,213,207,207.8
17/12/2021,208,208,203.05,204.25
20/12/2021,200,200,190.3,194.55
21/12/2021,196,204.05,196,199.65
22/12/2021,202.9,207.8,201.35,205
23/12/2021,206,206.85,202.05,202.95
24/12/2021,203.9,203.9,199.35,201
27/12/2021,200,222,196,218.35
28/12/2021,219.65,220.45,211.55,212.35
